2,2,2,2,2,2,2,1,1,1,1,1,1,1,3,3,3,3,3,3,3
Time,Pos x,Pos y,Pos z,Roll,Pitch,Yaw,Time,Pos x,Pos y,Pos z,Roll,Pitch,Yaw,Time,Pos x,Pos y,Pos z,Roll,Pitch,Yaw
0.0,0.0,0.0,1.0001675,0.0,0.0,0.0,0.0,0.0,0.0,0.99987787,0.0,0.0,0.0,0.0,0.0,0.0,1.0001675,0.0,0.0,0.0
0.005,0.0,0.0,1.0002687,0.0,0.0,0.0,0.005,0.0,0.0,0.9998825,0.0,0.0,0.0,0.005,0.0,0.0,1.0002687,0.0,0.0,0.0
0.009,0.0,0.0,1.0002071,0.0,0.0,0.0,0.009,0.0,0.0,1.0001106,0.0,0.0,0.0,0.009,0.0,0.0,1.0002071,0.0,0.0,0.0
0.014,0.0,0.0,0.9999825,0.0,0.0,0.0,0.014,0.0,0.0,1.0002723,0.0,0.0,0.0,0.014,0.0,0.0,0.9999825,0.0,0.0,0.0
0.018,0.0,0.0,0.99959505,0.0,0.0,0.0,0.018,0.0,0.0,1.0002711,0.0,0.0,0.0,0.018,0.0,0.0,0.99959505,0.0,0.0,0.0
0.023,0.0,0.0,0.9993346,0.0,0.0,0.0,0.023,0.0,0.0,1.000107,0.0,0.0,0.0,0.023,0.0,0.0,0.9993346,0.0,0.0,0.0
0.027,0.0,0.0,0.9992975,0.0,0.0,0.0,0.027,0.0,0.0,0.9997801,0.0,0.0,0.0,0.027,0.0,0.0,0.9992975,0.0,0.0,0.0
0.032,0.0,0.0,0.9994838,0.0,0.0,0.0,0.032,0.0,0.0,0.9995801,0.0,0.0,0.0,0.032,0.0,0.0,0.9994838,0.0,0.0,0.0
0.036,0.0,0.0,0.9998934,0.0,0.0,0.0,0.036,0.0,0.0,0.99960345,0.0,0.0,0.0,0.036,0.0,0.0,0.9998934,0.0,0.0,0.0
0.041,0.0,0.0,1.0005151,0.0,0.0,0.0,0.041,0.0,0.0,0.9998502,0.0,0.0,0.0,0.041,0.0,0.0,1.0005151,0.0,0.0,0.0
0.045,0.0,0.0,1.0010664,0.0,0.0,0.0,0.045,0.0,0.0,1.0003203,0.0,0.0,0.0,0.045,0.0,0.0,1.0010664,0.0,0.0,0.0
0.05,0.0,0.0,1.001455,0.0,0.0,0.0,0.05,0.0,0.0,1.000724,0.0,0.0,0.0,0.05,0.0,0.0,1.001455,0.0,0.0,0.0
0.055,0.0,0.0,1.0016804,0.0,0.0,0.0,0.055,0.0,0.0,1.0009646,0.0,0.0,0.0,0.055,0.0,0.0,1.0016804,0.0,0.0,0.0
0.059,0.0,0.0,1.001743,0.0,0.0,0.0,0.059,0.0,0.0,1.0010425,0.0,0.0,0.0,0.059,0.0,0.0,1.001743,0.0,0.0,0.0
0.064,0.0,0.0,1.0016427,0.0,0.0,0.0,0.064,0.0,0.0,1.0009574,0.0,0.0,0.0,0.064,0.0,0.0,1.0016427,0.0,0.0,0.0
0.068,0.0,0.0,1.0013795,0.0,0.0,0.0,0.068,0.0,0.0,1.0007094,0.0,0.0,0.0,0.068,0.0,0.0,1.0013795,0.0,0.0,0.0
0.073,0.0,0.0,1.0009536,0.0,0.0,0.0,0.073,0.0,0.0,1.0002986,0.0,0.0,0.0,0.073,0.0,0.0,1.0009536,0.0,0.0,0.0
0.077,0.0,0.0,1.0003648,0.0,0.0,0.0,0.077,0.0,0.0,0.9997251,0.0,0.0,0.0,0.077,0.0,0.0,1.0003648,0.0,0.0,0.0
0.082,0.0,0.0,0.9996133,0.0,0.0,0.0,0.082,0.0,0.0,0.9992785,0.0,0.0,0.0,0.082,0.0,0.0,0.9996133,0.0,0.0,0.0
0.086,0.0,0.0,0.99898875,0.0,0.0,0.0,0.086,0.0,0.0,0.9990553,0.0,0.0,0.0,0.086,0.0,0.0,0.99898875,0.0,0.0,0.0
0.091,0.0,0.0,0.99858767,0.0,0.0,0.0,0.091,0.0,0.0,0.99905556,0.0,0.0,0.0,0.091,0.0,0.0,0.99858767,0.0,0.0,0.0
0.095,0.0,0.0,0.9984101,0.0,0.0,0.0,0.095,0.0,0.0,0.9992792,0.0,0.0,0.0,0.095,0.0,0.0,0.9984101,0.0,0.0,0.0
0.1,0.0,0.0,0.99845594,0.0,0.0,0.0,0.1,0.0,0.0,0.9997262,0.0,0.0,0.0,0.1,0.0,0.0,0.99845594,0.0,0.0,0.0
0.105,0.0,0.0,0.9987251,0.0,0.0,0.0,0.105,0.0,0.0,1.0003964,0.0,0.0,0.0,0.105,0.0,0.0,0.9987251,0.0,0.0,0.0
0.109,0.0,0.0,0.9992176,0.0,0.0,0.0,0.109,0.0,0.0,1.0010002,0.0,0.0,0.0,0.109,0.0,0.0,0.9992176,0.0,0.0,0.0
0.114,0.0,0.0,0.9999334,0.0,0.0,0.0,0.114,0.0,0.0,1.001441,0.0,0.0,0.0,0.114,0.0,0.0,0.9999334,0.0,0.0,0.0
0.118,0.0,0.0,1.0007066,0.0,0.0,0.0,0.118,0.0,0.0,1.0017189,0.0,0.0,0.0,0.118,0.0,0.0,1.0007066,0.0,0.0,0.0
0.123,0.0,0.0,1.0013578,0.0,0.0,0.0,0.123,0.0,0.0,1.0018338,0.0,0.0,0.0,0.123,0.0,0.0,1.0013578,0.0,0.0,0.0
0.127,0.0,0.0,1.0018462,0.0,0.0,0.0,0.127,0.0,0.0,1.0017858,0.0,0.0,0.0,0.127,0.0,0.0,1.0018462,0.0,0.0,0.0
0.132,0.0,0.0,1.0021715,0.0,0.0,0.0,0.132,0.0,0.0,1.001575,0.0,0.0,0.0,0.132,0.0,0.0,1.0021715,0.0,0.0,0.0
0.136,0.0,0.0,1.0023339,0.0,0.0,0.0,0.136,0.0,0.0,1.0012013,0.0,0.0,0.0,0.136,0.0,0.0,1.0023339,0.0,0.0,0.0
0.141,0.0,0.0,1.0023334,0.0,0.0,0.0,0.141,0.0,0.0,1.0006648,0.0,0.0,0.0,0.141,0.0,0.0,1.0023334,0.0,0.0,0.0
0.145,0.0,0.0,1.0021701,0.0,0.0,0.0,0.145,0.0,0.0,0.9999656,0.0,0.0,0.0,0.145,0.0,0.0,1.0021701,0.0,0.0,0.0
0.15,0.0,0.0,1.0018439,0.0,0.0,0.0,0.15,0.0,0.0,0.9991374,0.0,0.0,0.0,0.15,0.0,0.0,1.0018439,0.0,0.0,0.0
0.155,0.0,0.0,1.0013549,0.0,0.0,0.0,0.155,0.0,0.0,0.9984474,0.0,0.0,0.0,0.155,0.0,0.0,1.0013549,0.0,0.0,0.0
0.159,0.0,0.0,1.0007031,0.0,0.0,0.0,0.159,0.0,0.0,0.99798095,0.0,0.0,0.0,0.159,0.0,0.0,1.0007031,0.0,0.0,0.0
0.164,0.0,0.0,0.9998886,0.0,0.0,0.0,0.164,0.0,0.0,0.997738,0.0,0.0,0.0,0.164,0.0,0.0,0.9998886,0.0,0.0,0.0
0.168,0.0,0.0,0.9992011,0.0,0.0,0.0,0.168,0.0,0.0,0.9977184,0.0,0.0,0.0,0.168,0.0,0.0,0.9992011,0.0,0.0,0.0
0.173,0.0,0.0,0.9987371,0.0,0.0,0.0,0.173,0.0,0.0,0.99792224,0.0,0.0,0.0,0.173,0.0,0.0,0.9987371,0.0,0.0,0.0
0.177,0.0,0.0,0.9984966,0.0,0.0,0.0,0.177,0.0,0.0,0.99834937,0.0,0.0,0.0,0.177,0.0,0.0,0.9984966,0.0,0.0,0.0
0.182,0.0,0.0,0.9984794,0.0,0.0,0.0,0.182,0.0,0.0,0.99899983,0.0,0.0,0.0,0.182,0.0,0.0,0.9984794,0.0,0.0,0.0
0.186,0.0,0.0,0.9986857,0.0,0.0,0.0,0.186,0.0,0.0,0.99987346,0.0,0.0,0.0,0.186,0.0,0.0,0.9986857,0.0,0.0,0.0
0.191,0.0,0.0,0.9991153,0.0,0.0,0.0,0.191,0.0,0.0,1.0009704,0.0,0.0,0.0,0.191,0.0,0.0,0.9991153,0.0,0.0,0.0
0.195,0.0,0.0,0.9997682,0.0,0.0,0.0,0.195,0.0,0.0,1.0020006,0.0,0.0,0.0,0.195,0.0,0.0,0.9997682,0.0,0.0,0.0
0.2,0.0,0.0,1.0006443,0.0,0.0,0.0,0.2,0.0,0.0,1.0028678,0.0,0.0,0.0,0.2,0.0,0.0,1.0006443,0.0,0.0,0.0
0.205,0.0,0.0,1.0014539,0.0,0.0,0.0,0.205,0.0,0.0,1.003572,0.0,0.0,0.0,0.205,0.0,0.0,1.0014539,0.0,0.0,0.0
0.209,0.0,0.0,1.0021005,0.0,0.0,0.0,0.209,0.0,0.0,1.0041131,0.0,0.0,0.0,0.209,0.0,0.0,1.0021005,0.0,0.0,0.0
0.214,0.0,0.0,1.0025841,0.0,0.0,0.0,0.214,0.0,0.0,1.0044912,0.0,0.0,0.0,0.214,0.0,0.0,1.0025841,0.0,0.0,0.0
0.218,0.0,0.0,1.0029047,0.0,0.0,0.0,0.218,0.0,0.0,1.0047064,0.0,0.0,0.0,0.218,0.0,0.0,1.0029047,0.0,0.0,0.0
0.223,0.0,0.0,1.0030624,0.0,0.0,0.0,0.223,0.0,0.0,1.0047587,0.0,0.0,0.0,0.223,0.0,0.0,1.0030624,0.0,0.0,0.0
0.227,0.0,0.0,1.0030571,0.0,0.0,0.0,0.227,0.0,0.0,1.0046481,0.0,0.0,0.0,0.227,0.0,0.0,1.0030571,0.0,0.0,0.0
0.232,0.0,0.0,1.002889,0.0,0.0,0.0,0.232,0.0,0.0,1.0043746,0.0,0.0,0.0,0.232,0.0,0.0,1.002889,0.0,0.0,0.0
0.236,0.0,0.0,1.0025581,0.0,0.0,0.0,0.236,0.0,0.0,1.0039383,0.0,0.0,0.0,0.236,0.0,0.0,1.0025581,0.0,0.0,0.0
0.241,0.0,0.0,1.0020643,0.0,0.0,0.0,0.241,0.0,0.0,1.0033393,0.0,0.0,0.0,0.241,0.0,0.0,1.0020643,0.0,0.0,0.0
0.245,0.0,0.0,1.0014077,0.0,0.0,0.0,0.245,0.0,0.0,1.0025775,0.0,0.0,0.0,0.245,0.0,0.0,1.0014077,0.0,0.0,0.0
0.25,0.0,0.0,1.0005885,0.0,0.0,0.0,0.25,0.0,0.0,1.001653,0.0,0.0,0.0,0.25,0.0,0.0,1.0005885,0.0,0.0,0.0
0.255,0.0,0.0,0.9996066,0.0,0.0,0.0,0.255,0.0,0.0,1.0005658,0.0,0.0,0.0,0.255,0.0,0.0,0.9996066,0.0,0.0,0.0
0.259,0.0,0.0,0.9987517,0.0,0.0,0.0,0.259,0.0,0.0,0.99931604,0.0,0.0,0.0,0.259,0.0,0.0,0.9987517,0.0,0.0,0.0
0.264,0.0,0.0,0.99812037,0.0,0.0,0.0,0.264,0.0,0.0,0.9981933,0.0,0.0,0.0,0.264,0.0,0.0,0.99812037,0.0,0.0,0.0
0.268,0.0,0.0,0.9977125,0.0,0.0,0.0,0.268,0.0,0.0,0.9972943,0.0,0.0,0.0,0.268,0.0,0.0,0.9977125,0.0,0.0,0.0
0.273,0.0,0.0,0.9975281,0.0,0.0,0.0,0.273,0.0,0.0,0.9966188,0.0,0.0,0.0,0.273,0.0,0.0,0.9975281,0.0,0.0,0.0
0.277,0.0,0.0,0.9975671,0.0,0.0,0.0,0.277,0.0,0.0,0.9961668,0.0,0.0,0.0,0.277,0.0,0.0,0.9975671,0.0,0.0,0.0
0.282,0.0,0.0,0.9978295,0.0,0.0,0.0,0.282,0.0,0.0,0.9959383,0.0,0.0,0.0,0.282,0.0,0.0,0.9978295,0.0,0.0,0.0
0.286,0.0,0.0,0.99831516,0.0,0.0,0.0,0.286,0.0,0.0,0.9959332,0.0,0.0,0.0,0.286,0.0,0.0,0.99831516,0.0,0.0,0.0
0.291,0.0,0.0,0.99902415,0.0,0.0,0.0,0.291,0.0,0.0,0.99615145,0.0,0.0,0.0,0.291,0.0,0.0,0.99902415,0.0,0.0,0.0
0.295,0.0,0.0,0.99995637,0.0,0.0,0.0,0.295,0.0,0.0,0.99659306,0.0,0.0,0.0,0.295,0.0,0.0,0.99995637,0.0,0.0,0.0
0.3,0.0,0.0,1.0008785,0.0,0.0,0.0,0.3,0.0,0.0,0.99725795,0.0,0.0,0.0,0.3,0.0,0.0,1.0008785,0.0,0.0,0.0
0.305,0.0,0.0,1.0016563,0.0,0.0,0.0,0.305,0.0,0.0,0.99814606,0.0,0.0,0.0,0.305,0.0,0.0,1.0016563,0.0,0.0,0.0
0.309,0.0,0.0,1.0022712,0.0,0.0,0.0,0.309,0.0,0.0,0.9992573,0.0,0.0,0.0,0.309,0.0,0.0,1.0022712,0.0,0.0,0.0
0.314,0.0,0.0,1.002723,0.0,0.0,0.0,0.314,0.0,0.0,1.0005918,0.0,0.0,0.0,0.314,0.0,0.0,1.002723,0.0,0.0,0.0
0.318,0.0,0.0,1.003012,0.0,0.0,0.0,0.318,0.0,0.0,1.0018595,0.0,0.0,0.0,0.318,0.0,0.0,1.003012,0.0,0.0,0.0
0.323,0.0,0.0,1.0031378,0.0,0.0,0.0,0.323,0.0,0.0,1.0029641,0.0,0.0,0.0,0.323,0.0,0.0,1.0031378,0.0,0.0,0.0
0.327,0.0,0.0,1.0031009,0.0,0.0,0.0,0.327,0.0,0.0,1.0039057,0.0,0.0,0.0,0.327,0.0,0.0,1.0031009,0.0,0.0,0.0
0.332,0.0,0.0,1.0029011,0.0,0.0,0.0,0.332,0.0,0.0,1.0046841,0.0,0.0,0.0,0.332,0.0,0.0,1.0029011,0.0,0.0,0.0
0.336,0.0,0.0,1.0025384,0.0,0.0,0.0,0.336,0.0,0.0,1.0052994,0.0,0.0,0.0,0.336,0.0,0.0,1.0025384,0.0,0.0,0.0
0.341,0.0,0.0,1.0020131,0.0,0.0,0.0,0.341,0.0,0.0,1.0057518,0.0,0.0,0.0,0.341,0.0,0.0,1.0020131,0.0,0.0,0.0
0.345,0.0,0.0,1.0013249,0.0,0.0,0.0,0.345,0.0,0.0,1.0060413,0.0,0.0,0.0,0.345,0.0,0.0,1.0013249,0.0,0.0,0.0
0.35,0.0,0.0,1.000474,0.0,0.0,0.0,0.35,0.0,0.0,1.0061679,0.0,0.0,0.0,0.35,0.0,0.0,1.000474,0.0,0.0,0.0
0.355,0.0,0.0,0.99946034,0.0,0.0,0.0,0.355,0.0,0.0,1.0061314,0.0,0.0,0.0,0.355,0.0,0.0,0.99946034,0.0,0.0,0.0
0.359,0.0,0.0,0.9985738,0.0,0.0,0.0,0.359,0.0,0.0,1.0059322,0.0,0.0,0.0,0.359,0.0,0.0,0.9985738,0.0,0.0,0.0
0.364,0.0,0.0,0.99791074,0.0,0.0,0.0,0.364,0.0,0.0,1.0055702,0.0,0.0,0.0,0.364,0.0,0.0,0.99791074,0.0,0.0,0.0
0.368,0.0,0.0,0.9974713,0.0,0.0,0.0,0.368,0.0,0.0,1.0050453,0.0,0.0,0.0,0.368,0.0,0.0,0.9974713,0.0,0.0,0.0
0.373,0.0,0.0,0.9972552,0.0,0.0,0.0,0.373,0.0,0.0,1.0043576,0.0,0.0,0.0,0.373,0.0,0.0,0.9972552,0.0,0.0,0.0
0.377,0.0,0.0,0.9972626,0.0,0.0,0.0,0.377,0.0,0.0,1.0035073,0.0,0.0,0.0,0.377,0.0,0.0,0.9972626,0.0,0.0,0.0
0.382,0.0,0.0,0.9974934,0.0,0.0,0.0,0.382,0.0,0.0,1.0024942,0.0,0.0,0.0,0.382,0.0,0.0,0.9974934,0.0,0.0,0.0
0.386,0.0,0.0,0.99794745,0.0,0.0,0.0,0.386,0.0,0.0,1.0013185,0.0,0.0,0.0,0.386,0.0,0.0,0.99794745,0.0,0.0,0.0
0.391,0.0,0.0,0.9986248,0.0,0.0,0.0,0.391,0.0,0.0,0.9999802,0.0,0.0,0.0,0.391,0.0,0.0,0.9986248,0.0,0.0,0.0
0.395,0.0,0.0,0.9995254,0.0,0.0,0.0,0.395,0.0,0.0,0.99848235,0.0,0.0,0.0,0.395,0.0,0.0,0.9995254,0.0,0.0,0.0
0.4,0.0,0.0,1.0006492,0.0,0.0,0.0,0.4,0.0,0.0,0.9971127,0.0,0.0,0.0,0.4,0.0,0.0,1.0006492,0.0,0.0,0.0
0.405,0.0,0.0,1.0017064,0.0,0.0,0.0,0.405,0.0,0.0,0.9959667,0.0,0.0,0.0,0.405,0.0,0.0,1.0017064,0.0,0.0,0.0
0.409,0.0,0.0,1.0026004,0.0,0.0,0.0,0.409,0.0,0.0,0.99504435,0.0,0.0,0.0,0.409,0.0,0.0,1.0026004,0.0,0.0,0.0
0.414,0.0,0.0,1.0033315,0.0,0.0,0.0,0.414,0.0,0.0,0.9943456,0.0,0.0,0.0,0.414,0.0,0.0,1.0033315,0.0,0.0,0.0
0.418,0.0,0.0,1.0038995,0.0,0.0,0.0,0.418,0.0,0.0,0.9938703,0.0,0.0,0.0,0.418,0.0,0.0,1.0038995,0.0,0.0,0.0
0.423,0.0,0.0,1.0043045,0.0,0.0,0.0,0.423,0.0,0.0,0.99361855,0.0,0.0,0.0,0.423,0.0,0.0,1.0043045,0.0,0.0,0.0
0.427,0.0,0.0,1.0045465,0.0,0.0,0.0,0.427,0.0,0.0,0.9935902,0.0,0.0,0.0,0.427,0.0,0.0,1.0045465,0.0,0.0,0.0
0.432,0.0,0.0,1.0046257,0.0,0.0,0.0,0.432,0.0,0.0,0.9937852,0.0,0.0,0.0,0.432,0.0,0.0,1.0046257,0.0,0.0,0.0
0.436,0.0,0.0,1.004542,0.0,0.0,0.0,0.436,0.0,0.0,0.9942035,0.0,0.0,0.0,0.436,0.0,0.0,1.004542,0.0,0.0,0.0
0.441,0.0,0.0,1.0042953,0.0,0.0,0.0,0.441,0.0,0.0,0.99484515,0.0,0.0,0.0,0.441,0.0,0.0,1.0042953,0.0,0.0,0.0
0.445,0.0,0.0,1.003886,0.0,0.0,0.0,0.445,0.0,0.0,0.99571,0.0,0.0,0.0,0.445,0.0,0.0,1.003886,0.0,0.0,0.0
0.45,0.0,0.0,1.0033138,0.0,0.0,0.0,0.45,0.0,0.0,0.9967981,0.0,0.0,0.0,0.45,0.0,0.0,1.0033138,0.0,0.0,0.0
0.455,0.0,0.0,1.0025789,0.0,0.0,0.0,,,,,,,,0.455,0.0,0.0,1.0025789,0.0,0.0,0.0
0.459,0.0,0.0,1.0016812,0.0,0.0,0.0,,,,,,,,0.459,0.0,0.0,1.0016812,0.0,0.0,0.0
0.464,0.0,0.0,1.0006208,0.0,0.0,0.0,,,,,,,,0.464,0.0,0.0,1.0006208,0.0,0.0,0.0
0.468,0.0,0.0,0.9993979,0.0,0.0,0.0,,,,,,,,0.468,0.0,0.0,0.9993979,0.0,0.0,0.0
0.473,0.0,0.0,0.998302,0.0,0.0,0.0,,,,,,,,0.473,0.0,0.0,0.998302,0.0,0.0,0.0
0.477,0.0,0.0,0.9974297,0.0,0.0,0.0,,,,,,,,0.477,0.0,0.0,0.9974297,0.0,0.0,0.0
0.482,0.0,0.0,0.99678105,0.0,0.0,0.0,,,,,,,,0.482,0.0,0.0,0.99678105,0.0,0.0,0.0
0.486,0.0,0.0,0.9963559,0.0,0.0,0.0,,,,,,,,0.486,0.0,0.0,0.9963559,0.0,0.0,0.0
0.491,0.0,0.0,0.9961541,0.0,0.0,0.0,,,,,,,,0.491,0.0,0.0,0.9961541,0.0,0.0,0.0
0.495,0.0,0.0,0.9961758,0.0,0.0,0.0,,,,,,,,0.495,0.0,0.0,0.9961758,0.0,0.0,0.0
0.5,0.0,0.0,0.99642086,0.0,0.0,0.0,,,,,,,,0.5,0.0,0.0,0.99642086,0.0,0.0,0.0
0.505,0.0,0.0,0.99688923,0.0,0.0,0.0,,,,,,,,0.505,0.0,0.0,0.99688923,0.0,0.0,0.0
0.509,0.0,0.0,0.9975809,0.0,0.0,0.0,,,,,,,,0.509,0.0,0.0,0.9975809,0.0,0.0,0.0
0.514,0.0,0.0,0.99849576,0.0,0.0,0.0,,,,,,,,0.514,0.0,0.0,0.99849576,0.0,0.0,0.0
0.518,0.0,0.0,0.99963385,0.0,0.0,0.0,,,,,,,,0.518,0.0,0.0,0.99963385,0.0,0.0,0.0
0.523,0.0,0.0,1.000995,0.0,0.0,0.0,,,,,,,,0.523,0.0,0.0,1.000995,0.0,0.0,0.0
0.527,0.0,0.0,1.0022895,0.0,0.0,0.0,,,,,,,,0.527,0.0,0.0,1.0022895,0.0,0.0,0.0
0.532,0.0,0.0,1.0034208,0.0,0.0,0.0,,,,,,,,0.532,0.0,0.0,1.0034208,0.0,0.0,0.0
0.536,0.0,0.0,1.004389,0.0,0.0,0.0,,,,,,,,0.536,0.0,0.0,1.004389,0.0,0.0,0.0
0.541,0.0,0.0,1.0051942,0.0,0.0,0.0,,,,,,,,0.541,0.0,0.0,1.0051942,0.0,0.0,0.0
0.545,0.0,0.0,1.0058364,0.0,0.0,0.0,,,,,,,,0.545,0.0,0.0,1.0058364,0.0,0.0,0.0
0.55,0.0,0.0,1.0063155,0.0,0.0,0.0,,,,,,,,0.55,0.0,0.0,1.0063155,0.0,0.0,0.0
0.555,0.0,0.0,1.0066316,0.0,0.0,0.0,,,,,,,,0.555,0.0,0.0,1.0066316,0.0,0.0,0.0
0.559,0.0,0.0,1.0067848,0.0,0.0,0.0,,,,,,,,0.559,0.0,0.0,1.0067848,0.0,0.0,0.0
0.564,0.0,0.0,1.0067751,0.0,0.0,0.0,,,,,,,,0.564,0.0,0.0,1.0067751,0.0,0.0,0.0
0.568,0.0,0.0,1.0066025,0.0,0.0,0.0,,,,,,,,0.568,0.0,0.0,1.0066025,0.0,0.0,0.0
0.573,0.0,0.0,1.0062671,0.0,0.0,0.0,,,,,,,,0.573,0.0,0.0,1.0062671,0.0,0.0,0.0
0.577,0.0,0.0,1.0057689,0.0,0.0,0.0,,,,,,,,0.577,0.0,0.0,1.0057689,0.0,0.0,0.0
0.582,0.0,0.0,1.0051079,0.0,0.0,0.0,,,,,,,,0.582,0.0,0.0,1.0051079,0.0,0.0,0.0
0.586,0.0,0.0,1.0042843,0.0,0.0,0.0,,,,,,,,0.586,0.0,0.0,1.0042843,0.0,0.0,0.0
0.591,0.0,0.0,1.0032978,0.0,0.0,0.0,,,,,,,,0.591,0.0,0.0,1.0032978,0.0,0.0,0.0
0.595,0.0,0.0,1.0021487,0.0,0.0,0.0,,,,,,,,0.595,0.0,0.0,1.0021487,0.0,0.0,0.0
0.6,0.0,0.0,1.0008371,0.0,0.0,0.0,,,,,,,,0.6,0.0,0.0,1.0008371,0.0,0.0,0.0
0.605,0.0,0.0,0.99936295,0.0,0.0,0.0,,,,,,,,0.605,0.0,0.0,0.99936295,0.0,0.0,0.0
0.609,0.0,0.0,0.9980159,0.0,0.0,0.0,,,,,,,,0.609,0.0,0.0,0.9980159,0.0,0.0,0.0
0.614,0.0,0.0,0.9968925,0.0,0.0,0.0,,,,,,,,0.614,0.0,0.0,0.9968925,0.0,0.0,0.0
0.618,0.0,0.0,0.9959928,0.0,0.0,0.0,,,,,,,,0.618,0.0,0.0,0.9959928,0.0,0.0,0.0
0.623,0.0,0.0,0.9953166,0.0,0.0,0.0,,,,,,,,0.623,0.0,0.0,0.9953166,0.0,0.0,0.0
0.627,0.0,0.0,0.994864,0.0,0.0,0.0,,,,,,,,0.627,0.0,0.0,0.994864,0.0,0.0,0.0
0.632,0.0,0.0,0.9946348,0.0,0.0,0.0,,,,,,,,0.632,0.0,0.0,0.9946348,0.0,0.0,0.0
0.636,0.0,0.0,0.994629,0.0,0.0,0.0,,,,,,,,0.636,0.0,0.0,0.994629,0.0,0.0,0.0
0.641,0.0,0.0,0.9948466,0.0,0.0,0.0,,,,,,,,0.641,0.0,0.0,0.9948466,0.0,0.0,0.0
0.645,0.0,0.0,0.99528754,0.0,0.0,0.0,,,,,,,,0.645,0.0,0.0,0.99528754,0.0,0.0,0.0
0.65,0.0,0.0,0.9959518,0.0,0.0,0.0,,,,,,,,0.65,0.0,0.0,0.9959518,0.0,0.0,0.0
0.655,0.0,0.0,0.9968392,0.0,0.0,0.0,,,,,,,,0.655,0.0,0.0,0.9968392,0.0,0.0,0.0
0.659,0.0,0.0,0.99794984,0.0,0.0,0.0,,,,,,,,0.659,0.0,0.0,0.99794984,0.0,0.0,0.0
0.664,0.0,0.0,0.99928355,0.0,0.0,0.0,,,,,,,,0.664,0.0,0.0,0.99928355,0.0,0.0,0.0
0.668,0.0,0.0,1.0008404,0.0,0.0,0.0,,,,,,,,0.668,0.0,0.0,1.0008404,0.0,0.0,0.0
0.673,0.0,0.0,1.0023304,0.0,0.0,0.0,,,,,,,,0.673,0.0,0.0,1.0023304,0.0,0.0,0.0
0.677,0.0,0.0,1.0036573,0.0,0.0,0.0,,,,,,,,0.677,0.0,0.0,1.0036573,0.0,0.0,0.0
0.682,0.0,0.0,1.0048211,0.0,0.0,0.0,,,,,,,,0.682,0.0,0.0,1.0048211,0.0,0.0,0.0
0.686,0.0,0.0,1.0058216,0.0,0.0,0.0,,,,,,,,0.686,0.0,0.0,1.0058216,0.0,0.0,0.0
0.691,0.0,0.0,1.006659,0.0,0.0,0.0,,,,,,,,0.691,0.0,0.0,1.006659,0.0,0.0,0.0
0.695,0.0,0.0,1.0073335,0.0,0.0,0.0,,,,,,,,0.695,0.0,0.0,1.0073335,0.0,0.0,0.0
0.7,0.0,0.0,1.0078449,0.0,0.0,0.0,,,,,,,,0.7,0.0,0.0,1.0078449,0.0,0.0,0.0
0.705,0.0,0.0,1.0081934,0.0,0.0,0.0,,,,,,,,0.705,0.0,0.0,1.0081934,0.0,0.0,0.0
0.709,0.0,0.0,1.0083789,0.0,0.0,0.0,,,,,,,,0.709,0.0,0.0,1.0083789,0.0,0.0,0.0
0.714,0.0,0.0,1.0084015,0.0,0.0,0.0,,,,,,,,0.714,0.0,0.0,1.0084015,0.0,0.0,0.0
0.718,0.0,0.0,1.0082612,0.0,0.0,0.0,,,,,,,,0.718,0.0,0.0,1.0082612,0.0,0.0,0.0
0.723,0.0,0.0,1.007958,0.0,0.0,0.0,,,,,,,,0.723,0.0,0.0,1.007958,0.0,0.0,0.0
0.727,0.0,0.0,1.0074921,0.0,0.0,0.0,,,,,,,,0.727,0.0,0.0,1.0074921,0.0,0.0,0.0
0.732,0.0,0.0,1.0068634,0.0,0.0,0.0,,,,,,,,0.732,0.0,0.0,1.0068634,0.0,0.0,0.0
0.736,0.0,0.0,1.0060719,0.0,0.0,0.0,,,,,,,,0.736,0.0,0.0,1.0060719,0.0,0.0,0.0
0.741,0.0,0.0,1.0051178,0.0,0.0,0.0,,,,,,,,0.741,0.0,0.0,1.0051178,0.0,0.0,0.0
0.745,0.0,0.0,1.004001,0.0,0.0,0.0,,,,,,,,0.745,0.0,0.0,1.004001,0.0,0.0,0.0
0.75,0.0,0.0,1.0027215,0.0,0.0,0.0,,,,,,,,0.75,0.0,0.0,1.0027215,0.0,0.0,0.0
0.755,0.0,0.0,1.0012796,0.0,0.0,0.0,,,,,,,,0.755,0.0,0.0,1.0012796,0.0,0.0,0.0
0.759,0.0,0.0,0.9996751,0.0,0.0,0.0,,,,,,,,0.759,0.0,0.0,0.9996751,0.0,0.0,0.0
0.764,0.0,0.0,0.9981978,0.0,0.0,0.0,,,,,,,,0.764,0.0,0.0,0.9981978,0.0,0.0,0.0
0.768,0.0,0.0,0.9969442,0.0,0.0,0.0,,,,,,,,0.768,0.0,0.0,0.9969442,0.0,0.0,0.0
0.773,0.0,0.0,0.9959143,0.0,0.0,0.0,,,,,,,,0.773,0.0,0.0,0.9959143,0.0,0.0,0.0
0.777,0.0,0.0,0.99510795,0.0,0.0,0.0,,,,,,,,0.777,0.0,0.0,0.99510795,0.0,0.0,0.0
0.782,0.0,0.0,0.9945252,0.0,0.0,0.0,,,,,,,,0.782,0.0,0.0,0.9945252,0.0,0.0,0.0
0.786,0.0,0.0,0.9941659,0.0,0.0,0.0,,,,,,,,0.786,0.0,0.0,0.9941659,0.0,0.0,0.0
0.791,0.0,0.0,0.99403006,0.0,0.0,0.0,,,,,,,,0.791,0.0,0.0,0.99403006,0.0,0.0,0.0
0.795,0.0,0.0,0.9941176,0.0,0.0,0.0,,,,,,,,0.795,0.0,0.0,0.9941176,0.0,0.0,0.0
0.8,0.0,0.0,0.9944286,0.0,0.0,0.0,,,,,,,,0.8,0.0,0.0,0.9944286,0.0,0.0,0.0
0.805,0.0,0.0,0.9949628,0.0,0.0,0.0,,,,,,,,0.805,0.0,0.0,0.9949628,0.0,0.0,0.0
0.809,0.0,0.0,0.99572027,0.0,0.0,0.0,,,,,,,,0.809,0.0,0.0,0.99572027,0.0,0.0,0.0
0.814,0.0,0.0,0.996701,0.0,0.0,0.0,,,,,,,,0.814,0.0,0.0,0.996701,0.0,0.0,0.0
0.818,0.0,0.0,0.99790484,0.0,0.0,0.0,,,,,,,,0.818,0.0,0.0,0.99790484,0.0,0.0,0.0
0.823,0.0,0.0,0.9993318,0.0,0.0,0.0,,,,,,,,0.823,0.0,0.0,0.9993318,0.0,0.0,0.0
0.827,0.0,0.0,1.0009817,0.0,0.0,0.0,,,,,,,,0.827,0.0,0.0,1.0009817,0.0,0.0,0.0
0.832,0.0,0.0,1.002565,0.0,0.0,0.0,,,,,,,,0.832,0.0,0.0,1.002565,0.0,0.0,0.0
0.836,0.0,0.0,1.0039849,0.0,0.0,0.0,,,,,,,,0.836,0.0,0.0,1.0039849,0.0,0.0,0.0
0.841,0.0,0.0,1.0052418,0.0,0.0,0.0,,,,,,,,0.841,0.0,0.0,1.0052418,0.0,0.0,0.0
0.845,0.0,0.0,1.0063354,0.0,0.0,0.0,,,,,,,,0.845,0.0,0.0,1.0063354,0.0,0.0,0.0
0.85,0.0,0.0,1.0072659,0.0,0.0,0.0,,,,,,,,0.85,0.0,0.0,1.0072659,0.0,0.0,0.0
0.855,0.0,0.0,1.0080334,0.0,0.0,0.0,,,,,,,,0.855,0.0,0.0,1.0080334,0.0,0.0,0.0
0.859,0.0,0.0,1.0086378,0.0,0.0,0.0,,,,,,,,0.859,0.0,0.0,1.0086378,0.0,0.0,0.0
0.864,0.0,0.0,1.0090792,0.0,0.0,0.0,,,,,,,,0.864,0.0,0.0,1.0090792,0.0,0.0,0.0
0.868,0.0,0.0,1.0093576,0.0,0.0,0.0,,,,,,,,0.868,0.0,0.0,1.0093576,0.0,0.0,0.0
0.873,0.0,0.0,1.0094732,0.0,0.0,0.0,,,,,,,,0.873,0.0,0.0,1.0094732,0.0,0.0,0.0
0.877,0.0,0.0,1.0094258,0.0,0.0,0.0,,,,,,,,0.877,0.0,0.0,1.0094258,0.0,0.0,0.0
0.882,0.0,0.0,1.0092156,0.0,0.0,0.0,,,,,,,,0.882,0.0,0.0,1.0092156,0.0,0.0,0.0
0.886,0.0,0.0,1.0088425,0.0,0.0,0.0,,,,,,,,0.886,0.0,0.0,1.0088425,0.0,0.0,0.0
0.891,0.0,0.0,1.0083066,0.0,0.0,0.0,,,,,,,,0.891,0.0,0.0,1.0083066,0.0,0.0,0.0
0.895,0.0,0.0,1.007608,0.0,0.0,0.0,,,,,,,,0.895,0.0,0.0,1.007608,0.0,0.0,0.0
0.9,0.0,0.0,1.0067468,0.0,0.0,0.0,,,,,,,,0.9,0.0,0.0,1.0067468,0.0,0.0,0.0
0.905,0.0,0.0,1.0057228,0.0,0.0,0.0,,,,,,,,0.905,0.0,0.0,1.0057228,0.0,0.0,0.0
,,,,,,,,,,,,,,0.909,0.0,0.0,1.004536,0.0,0.0,0.0
,,,,,,,,,,,,,,0.914,0.0,0.0,1.0031868,0.0,0.0,0.0
,,,,,,,,,,,,,,0.918,0.0,0.0,1.001675,0.0,0.0,0.0
,,,,,,,,,,,,,,0.923,0.0,0.0,1.0000007,0.0,0.0,0.0
,,,,,,,,,,,,,,0.927,0.0,0.0,0.998164,0.0,0.0,0.0
,,,,,,,,,,,,,,0.932,0.0,0.0,0.99645454,0.0,0.0,0.0
,,,,,,,,,,,,,,0.936,0.0,0.0,0.99496883,0.0,0.0,0.0
,,,,,,,,,,,,,,0.941,0.0,0.0,0.99370694,0.0,0.0,0.0
,,,,,,,,,,,,,,0.945,0.0,0.0,0.9926686,0.0,0.0,0.0
,,,,,,,,,,,,,,0.95,0.0,0.0,0.99185395,0.0,0.0,0.0
,,,,,,,,,,,,,,0.955,0.0,0.0,0.99126285,0.0,0.0,0.0
,,,,,,,,,,,,,,0.959,0.0,0.0,0.9908952,0.0,0.0,0.0
,,,,,,,,,,,,,,0.964,0.0,0.0,0.99075097,0.0,0.0,0.0
,,,,,,,,,,,,,,0.968,0.0,0.0,0.9908302,0.0,0.0,0.0
,,,,,,,,,,,,,,0.973,0.0,0.0,0.9911328,0.0,0.0,0.0
,,,,,,,,,,,,,,0.977,0.0,0.0,0.9916586,0.0,0.0,0.0
,,,,,,,,,,,,,,0.982,0.0,0.0,0.9924078,0.0,0.0,0.0
,,,,,,,,,,,,,,0.986,0.0,0.0,0.9933801,0.0,0.0,0.0
,,,,,,,,,,,,,,0.991,0.0,0.0,0.9945757,0.0,0.0,0.0
,,,,,,,,,,,,,,0.995,0.0,0.0,0.99599427,0.0,0.0,0.0
,,,,,,,,,,,,,,1.0,0.0,0.0,0.9976359,0.0,0.0,0.0
,,,,,,,,,,,,,,1.005,0.0,0.0,0.9995005,0.0,0.0,0.0
,,,,,,,,,,,,,,1.009,0.0,0.0,1.001588,0.0,0.0,0.0
,,,,,,,,,,,,,,1.014,0.0,0.0,1.0036086,0.0,0.0,0.0
,,,,,,,,,,,,,,1.018,0.0,0.0,1.0054657,0.0,0.0,0.0
,,,,,,,,,,,,,,1.023,0.0,0.0,1.0071597,0.0,0.0,0.0
,,,,,,,,,,,,,,1.027,0.0,0.0,1.0086902,0.0,0.0,0.0
,,,,,,,,,,,,,,1.032,0.0,0.0,1.0100576,0.0,0.0,0.0
,,,,,,,,,,,,,,1.036,0.0,0.0,1.0112617,0.0,0.0,0.0
,,,,,,,,,,,,,,1.041,0.0,0.0,1.0123028,0.0,0.0,0.0
,,,,,,,,,,,,,,1.045,0.0,0.0,1.0131806,0.0,0.0,0.0
,,,,,,,,,,,,,,1.05,0.0,0.0,1.0138955,0.0,0.0,0.0
,,,,,,,,,,,,,,1.055,0.0,0.0,1.0144473,0.0,0.0,0.0
,,,,,,,,,,,,,,1.059,0.0,0.0,1.0148362,0.0,0.0,0.0
,,,,,,,,,,,,,,1.064,0.0,0.0,1.0150621,0.0,0.0,0.0
,,,,,,,,,,,,,,1.068,0.0,0.0,1.0151252,0.0,0.0,0.0
,,,,,,,,,,,,,,1.073,0.0,0.0,1.0150253,0.0,0.0,0.0
,,,,,,,,,,,,,,1.077,0.0,0.0,1.0147625,0.0,0.0,0.0
,,,,,,,,,,,,,,1.082,0.0,0.0,1.014337,0.0,0.0,0.0
,,,,,,,,,,,,,,1.086,0.0,0.0,1.0137485,0.0,0.0,0.0
,,,,,,,,,,,,,,1.091,0.0,0.0,1.0129975,0.0,0.0,0.0
,,,,,,,,,,,,,,1.095,0.0,0.0,1.0120836,0.0,0.0,0.0
,,,,,,,,,,,,,,1.1,0.0,0.0,1.0110072,0.0,0.0,0.0
,,,,,,,,,,,,,,1.105,0.0,0.0,1.0097681,0.0,0.0,0.0
,,,,,,,,,,,,,,1.109,0.0,0.0,1.0083663,0.0,0.0,0.0
,,,,,,,,,,,,,,1.114,0.0,0.0,1.0068022,0.0,0.0,0.0
,,,,,,,,,,,,,,1.118,0.0,0.0,1.0050755,0.0,0.0,0.0
,,,,,,,,,,,,,,1.123,0.0,0.0,1.0031863,0.0,0.0,0.0
,,,,,,,,,,,,,,1.127,0.0,0.0,1.0011349,0.0,0.0,0.0
,,,,,,,,,,,,,,1.132,0.0,0.0,0.99892104,0.0,0.0,0.0
,,,,,,,,,,,,,,1.136,0.0,0.0,0.9968346,0.0,0.0,0.0
,,,,,,,,,,,,,,1.141,0.0,0.0,0.9949721,0.0,0.0,0.0
,,,,,,,,,,,,,,1.145,0.0,0.0,0.99333346,0.0,0.0,0.0
,,,,,,,,,,,,,,1.15,0.0,0.0,0.99191856,0.0,0.0,0.0
,,,,,,,,,,,,,,1.155,0.0,0.0,0.99072737,0.0,0.0,0.0
,,,,,,,,,,,,,,1.159,0.0,0.0,0.98975986,0.0,0.0,0.0
,,,,,,,,,,,,,,1.164,0.0,0.0,0.9890159,0.0,0.0,0.0
,,,,,,,,,,,,,,1.168,0.0,0.0,0.98849547,0.0,0.0,0.0
,,,,,,,,,,,,,,1.173,0.0,0.0,0.9881985,0.0,0.0,0.0
,,,,,,,,,,,,,,1.177,0.0,0.0,0.988125,0.0,0.0,0.0
,,,,,,,,,,,,,,1.182,0.0,0.0,0.9882749,0.0,0.0,0.0
,,,,,,,,,,,,,,1.186,0.0,0.0,0.9886481,0.0,0.0,0.0
,,,,,,,,,,,,,,1.191,0.0,0.0,0.98924464,0.0,0.0,0.0
,,,,,,,,,,,,,,1.195,0.0,0.0,0.9900644,0.0,0.0,0.0
,,,,,,,,,,,,,,1.2,0.0,0.0,0.99110734,0.0,0.0,0.0
,,,,,,,,,,,,,,1.205,0.0,0.0,0.9923734,0.0,0.0,0.0
,,,,,,,,,,,,,,1.209,0.0,0.0,0.99386257,0.0,0.0,0.0
,,,,,,,,,,,,,,1.214,0.0,0.0,0.9955748,0.0,0.0,0.0
,,,,,,,,,,,,,,1.218,0.0,0.0,0.9975099,0.0,0.0,0.0
,,,,,,,,,,,,,,1.223,0.0,0.0,0.9996678,0.0,0.0,0.0
,,,,,,,,,,,,,,1.227,0.0,0.0,1.0020486,0.0,0.0,0.0
,,,,,,,,,,,,,,1.232,0.0,0.0,1.0043623,0.0,0.0,0.0
,,,,,,,,,,,,,,1.236,0.0,0.0,1.0065126,0.0,0.0,0.0
,,,,,,,,,,,,,,1.241,0.0,0.0,1.0084995,0.0,0.0,0.0
,,,,,,,,,,,,,,1.245,0.0,0.0,1.0103229,0.0,0.0,0.0
,,,,,,,,,,,,,,1.25,0.0,0.0,1.0119832,0.0,0.0,0.0
,,,,,,,,,,,,,,1.255,0.0,0.0,1.01348,0.0,0.0,0.0
,,,,,,,,,,,,,,1.259,0.0,0.0,1.0148135,0.0,0.0,0.0
,,,,,,,,,,,,,,1.264,0.0,0.0,1.015984,0.0,0.0,0.0
,,,,,,,,,,,,,,1.268,0.0,0.0,1.0169914,0.0,0.0,0.0
,,,,,,,,,,,,,,1.273,0.0,0.0,1.0178356,0.0,0.0,0.0
,,,,,,,,,,,,,,1.277,0.0,0.0,1.0185168,0.0,0.0,0.0
,,,,,,,,,,,,,,1.282,0.0,0.0,1.0190349,0.0,0.0,0.0
,,,,,,,,,,,,,,1.286,0.0,0.0,1.0193901,0.0,0.0,0.0
,,,,,,,,,,,,,,1.291,0.0,0.0,1.0195823,0.0,0.0,0.0
,,,,,,,,,,,,,,1.295,0.0,0.0,1.0196116,0.0,0.0,0.0
,,,,,,,,,,,,,,1.3,0.0,0.0,1.0194781,0.0,0.0,0.0
,,,,,,,,,,,,,,1.305,0.0,0.0,1.0191817,0.0,0.0,0.0
,,,,,,,,,,,,,,1.309,0.0,0.0,1.0187225,0.0,0.0,0.0
,,,,,,,,,,,,,,1.314,0.0,0.0,1.0181005,0.0,0.0,0.0
,,,,,,,,,,,,,,1.318,0.0,0.0,1.0173159,0.0,0.0,0.0
,,,,,,,,,,,,,,1.323,0.0,0.0,1.0163684,0.0,0.0,0.0
,,,,,,,,,,,,,,1.327,0.0,0.0,1.0152583,0.0,0.0,0.0
,,,,,,,,,,,,,,1.332,0.0,0.0,1.0139856,0.0,0.0,0.0
,,,,,,,,,,,,,,1.336,0.0,0.0,1.0125504,0.0,0.0,0.0
,,,,,,,,,,,,,,1.341,0.0,0.0,1.0109526,0.0,0.0,0.0
,,,,,,,,,,,,,,1.345,0.0,0.0,1.0091923,0.0,0.0,0.0
,,,,,,,,,,,,,,1.35,0.0,0.0,1.0072696,0.0,0.0,0.0
,,,,,,,,,,,,,,1.355,0.0,0.0,1.0051845,0.0,0.0,0.0
,,,,,,,,,,,,,,1.359,0.0,0.0,1.0029372,0.0,0.0,0.0
