1,1,1,1,1,1,1,3,3,3,3,3,3,3,2,2,2,2,2,2,2
Time,Pos x,Pos y,Pos z,Roll,Pitch,Yaw,Time,Pos x,Pos y,Pos z,Roll,Pitch,Yaw,Time,Pos x,Pos y,Pos z,Roll,Pitch,Yaw
0.0,0.0,0.0,1.0001675,0.0,0.0,0.0,0.0,0.0,0.0,1.0001675,0.0,0.0,0.0,0.0,0.0,0.0,0.9999081,0.0,0.0,0.0
0.005,0.0,0.0,1.0005584,0.0,0.0,0.0,0.005,0.0,0.0,1.0005584,0.0,0.0,0.0,0.005,0.0,0.0,0.99964774,0.0,0.0,0.0
0.009,0.0,0.0,1.0011725,0.0,0.0,0.0,0.009,0.0,0.0,1.0011725,0.0,0.0,0.0,0.009,0.0,0.0,0.99924105,0.0,0.0,0.0
0.014,0.0,0.0,1.00201,0.0,0.0,0.0,0.014,0.0,0.0,1.00201,0.0,0.0,0.0,0.014,0.0,0.0,0.9987084,0.0,0.0,0.0
0.018,0.0,0.0,1.0030706,0.0,0.0,0.0,0.018,0.0,0.0,1.0030706,0.0,0.0,0.0,0.018,0.0,0.0,0.9980691,0.0,0.0,0.0
0.023,-1.7920697e-23,1.70981e-40,1.0040851,-6.351808e-19,-0.048529167,1.6814977e-19,0.023,-1.7920697e-23,1.70981e-40,1.0040851,-6.351808e-19,-0.048529167,1.6814977e-19,0.023,-3.758747e-09,0.0,0.99733365,0.0,-0.00021525279,0.0
0.027,3.7294168e-08,4.8823942e-25,1.0049576,-4.022785e-18,-0.11327065,3.9002016e-19,0.027,3.7294168e-08,4.8823942e-25,1.0049576,-4.022785e-18,-0.11327065,3.9002016e-19,0.027,-2.9705372e-08,0.0,0.9964997,0.0,-0.00042524774,0.0
0.032,1.7411523e-07,4.2331996e-24,1.0056858,-5.7156195e-18,-0.1747287,6.0876967e-19,0.032,1.7411523e-07,4.2331996e-24,1.0056858,-5.7156195e-18,-0.1747287,6.0876967e-19,0.032,-9.8998655e-08,0.0,0.9955659,0.0,-0.0006301133,0.0
0.036,4.743377e-07,1.3406424e-23,1.00627,-9.102057e-18,-0.23124328,8.2582223e-19,0.036,4.743377e-07,1.3406424e-23,1.00627,-9.102057e-18,-0.23124328,8.2582223e-19,0.036,-2.3175959e-07,0.0,0.9945311,0.0,-0.0008299747,0.0
0.041,9.971844e-07,3.1048155e-23,1.0067103,-1.3334657e-17,-0.28236976,1.0396529e-18,0.041,9.971844e-07,3.1048155e-23,1.0067103,-1.3334657e-17,-0.28236976,1.0396529e-18,0.041,-4.4715597e-07,0.0,0.99339414,0.0,-0.0010249543,0.0
0.045,1.8948161e-06,6.5930615e-23,1.0070264,-1.6929725e-17,-0.4038996,1.4839561e-18,0.045,1.8948161e-06,6.5930615e-23,1.0070264,-1.6929725e-17,-0.4038996,1.4839561e-18,0.045,-7.724802e-07,0.0,0.99215394,0.0,-0.0017636076,0.0
0.05,3.208106e-06,1.1880467e-22,1.0072052,-1.777073e-17,-0.54569525,2.0025333e-18,0.05,3.208106e-06,1.1880467e-22,1.0072052,-1.777073e-17,-0.54569525,2.0025333e-18,0.05,-1.2694873e-06,0.0,0.99080956,0.0,-0.0024842182,0.0
0.055,5.0460403e-06,1.8974784e-22,1.0072403,-1.5223685e-17,-0.6773957,2.5270854e-18,0.055,5.0460403e-06,1.8974784e-22,1.0072403,-1.5223685e-17,-0.6773957,2.5270854e-18,0.055,-2.006041e-06,0.0,0.9893602,0.0,-0.003187227,0.0
0.059,7.547598e-06,2.7704535e-22,1.0071317,-1.4371218e-17,-0.7964435,3.0597177e-18,0.059,7.547598e-06,2.7704535e-22,1.0071317,-1.4371218e-17,-0.7964435,3.0597177e-18,0.059,-3.047133e-06,0.0,0.9878049,0.0,-0.003873064,0.0
0.064,1.1430106e-05,3.9009904e-22,1.0069221,-1.8808716e-17,-1.0100739,3.8128303e-18,0.064,1.1430106e-05,3.9009904e-22,1.0069221,-1.8808716e-17,-1.0100739,3.8128303e-18,0.064,-4.4643875e-06,0.0,0.98614293,0.0,-0.0051303697,0.0
0.068,1.6493781e-05,5.2498186e-22,1.0065829,-2.4725696e-17,-1.2477037,4.6199567e-18,0.068,1.6493781e-05,5.2498186e-22,1.0065829,-2.4725696e-17,-1.2477037,4.6199567e-18,0.068,-6.363473e-06,0.0,0.9843736,0.0,-0.0063569644,0.0
0.073,2.2789876e-05,6.8406756e-22,1.0061005,-3.0641086e-17,-1.4664748,5.4112543e-18,0.073,2.2789876e-05,6.8406756e-22,1.0061005,-3.0641086e-17,-1.4664748,5.4112543e-18,0.073,-8.855046e-06,0.0,0.9824963,0.0,-0.0075535974,0.0
0.077,3.055594e-05,8.736497e-22,1.0054754,-3.4013988e-17,-1.6628131,6.197006e-18,0.077,3.055594e-05,8.736497e-22,1.0054754,-3.4013988e-17,-1.6628131,6.197006e-18,0.077,-1.2045569e-05,0.0,0.98051035,0.0,-0.0087210005,0.0
0.082,4.000374e-05,1.0979756e-21,1.0047073,-3.9079973e-17,-1.8360249,6.984117e-18,0.082,4.000374e-05,1.0979756e-21,1.0047073,-3.9079973e-17,-1.8360249,6.984117e-18,0.082,-1.6037588e-05,0.0,0.97841525,0.0,-0.009859889,0.0
0.086,5.3258704e-05,1.4034448e-21,1.0038571,-4.945488e-17,-2.12241,7.237327e-18,0.086,5.3258704e-05,1.4034448e-21,1.0038571,-4.945488e-17,-2.12241,7.237327e-18,0.086,-2.0948513e-05,0.0,0.9762104,0.0,-0.012186974,0.0
0.091,6.928891e-05,1.7716718e-21,1.002884,-6.131585e-17,-2.4333296,7.2704875e-18,0.091,6.928891e-05,1.7716718e-21,1.002884,-6.131585e-17,-2.4333296,7.2704875e-18,0.091,-2.6965243e-05,0.0,0.9738954,0.0,-0.014457216,0.0
0.095,8.780071e-05,2.2017262e-21,1.0017688,-7.5716063e-17,-2.7152388,7.266296e-18,0.095,8.780071e-05,2.2017262e-21,1.0017688,-7.5716063e-17,-2.7152388,7.266296e-18,0.095,-3.428657e-05,0.0,0.97146976,0.0,-0.016672004,0.0
0.1,0.00010911677,2.70865e-21,1.0005121,-9.096062e-17,-2.96428,7.2336126e-18,0.1,0.00010911677,2.70865e-21,1.0005121,-9.096062e-17,-2.96428,7.2336126e-18,0.1,-4.3104472e-05,0.0,0.9689331,0.0,-0.018832693,0.0
0.105,0.00013733056,3.426213e-21,0.9991875,-1.1068639e-16,-3.3401933,6.4783694e-18,0.105,0.00013733056,3.426213e-21,0.9991875,-1.1068639e-16,-3.3401933,6.4783694e-18,0.105,-5.361644e-05,0.0,0.96628505,0.0,-0.021740634,0.0
0.109,0.00017023992,4.295013e-21,0.9977457,-1.319079e-16,-3.7388537,5.4023857e-18,0.109,0.00017023992,4.295013e-21,0.9977457,-1.319079e-16,-3.7388537,5.4023857e-18,0.109,-6.606117e-05,0.0,0.96352524,0.0,-0.024577545,0.0
0.114,0.00020707585,5.3010076e-21,0.9961633,-1.5058753e-16,-4.0975842,4.2841897e-18,0.114,0.00020707585,5.3010076e-21,0.9961633,-1.5058753e-16,-4.0975842,4.2841897e-18,0.114,-8.068139e-05,0.0,0.9606534,0.0,-0.027345162,0.0
0.118,0.00024827747,6.4665103e-21,0.99444103,-1.6841703e-16,-4.412177,3.175105e-18,0.118,0.00024827747,6.4665103e-21,0.99444103,-1.6841703e-16,-4.412177,3.175105e-18,0.118,-9.771227e-05,0.0,0.9576692,0.0,-0.030045174,0.0
0.123,0.00029419665,7.8110544e-21,0.992579,-1.8369986e-16,-4.6827545,2.1084052e-18,0.123,0.00029419665,7.8110544e-21,0.992579,-1.8369986e-16,-4.6827545,2.1084052e-18,0.123,-0.00011738174,0.0,0.95457244,0.0,-0.032679234,0.0
0.127,0.00035632428,9.791605e-21,0.99071366,-1.9251493e-16,-5.1511655,-8.940599e-20,0.127,0.00035632428,9.791605e-21,0.99071366,-1.9251493e-16,-5.1511655,-8.940599e-20,0.127,-0.0001399761,0.0,0.9513627,0.0,-0.039728317,0.0
0.132,0.00042748393,1.2119688e-20,0.98875207,-2.0200914e-16,-5.6696486,-2.664508e-18,0.132,0.00042748393,1.2119688e-20,0.98875207,-2.0200914e-16,-5.6696486,-2.664508e-18,0.132,-0.00016603427,0.0,0.94804,0.0,-0.04660522,0.0
0.136,0.0005046483,1.4664243e-20,0.98665035,-2.0977977e-16,-6.146298,-4.83461e-18,0.136,0.0005046483,1.4664243e-20,0.98665035,-2.0977977e-16,-6.146298,-4.83461e-18,0.136,-0.00019614313,0.0,0.9446039,0.0,-0.053314142,0.0
0.141,0.0005884672,1.7438206e-20,0.98440975,-2.1668871e-16,-6.573518,-6.7668912e-18,0.141,0.0005884672,1.7438206e-20,0.98440975,-2.1668871e-16,-6.573518,-6.7668912e-18,0.141,-0.0002308721,0.0,0.94105434,0.0,-0.05985919,0.0
0.145,0.0006794544,2.045017e-20,0.9820305,-2.2358896e-16,-6.9499097,-8.5565415e-18,0.145,0.0006794544,2.045017e-20,0.9820305,-2.2358896e-16,-6.9499097,-8.5565415e-18,0.145,-0.00027077392,0.0,0.9373911,0.0,-0.066244364,0.0
0.15,0.0007945029,2.4235995e-20,0.97964776,-2.2493532e-16,-7.5222945,-1.1573317e-17,0.15,0.0007945029,2.4235995e-20,0.97964776,-2.2493532e-16,-7.5222945,-1.1573317e-17,0.15,-0.00031647633,0.0,0.9336139,0.0,-0.07881505,0.0
0.155,0.0009227404,2.843175e-20,0.9771678,-2.2699218e-16,-8.1535015,-1.4976423e-17,0.155,0.0009227404,2.843175e-20,0.9771678,-2.2699218e-16,-8.1535015,-1.4976423e-17,0.155,-0.00036895284,0.0,0.92972267,0.0,-0.09107868,0.0
0.159,0.0010594324,3.2865366e-20,0.97454625,-2.3245125e-16,-8.752154,-1.8299166e-17,0.159,0.0010594324,3.2865366e-20,0.97454625,-2.3245125e-16,-8.752154,-1.8299166e-17,0.159,-0.0004292381,0.0,0.9257171,0.0,-0.103042744,0.0
0.164,0.0012054349,3.754692e-20,0.9717846,-2.413044e-16,-9.307098,-2.1524459e-17,0.164,0.0012054349,3.754692e-20,0.9717846,-2.413044e-16,-9.307098,-2.1524459e-17,0.164,-0.00049833703,0.0,0.92159706,0.0,-0.11471458,0.0
0.168,0.0013761447,4.2863944e-20,0.96897304,-2.5567057e-16,-10.007107,-2.5939572e-17,0.168,0.0013761447,4.2863944e-20,0.96897304,-2.5567057e-16,-10.007107,-2.5939572e-17,0.168,-0.00057722564,0.0,0.91736233,0.0,-0.12610132,0.0
0.173,0.001562535,4.8579513e-20,0.96605206,-2.7162038e-16,-10.722125,-3.0767535e-17,0.173,0.001562535,4.8579513e-20,0.96605206,-2.7162038e-16,-10.722125,-3.0767535e-17,0.173,-0.0006668522,0.0,0.9130127,0.0,-0.1372099,0.0
0.177,0.0017611156,5.4599614e-20,0.962995,-2.8758084e-16,-11.373405,-3.549312e-17,0.177,0.0017611156,5.4599614e-20,0.962995,-2.8758084e-16,-11.373405,-3.549312e-17,0.177,-0.00076813844,0.0,0.908548,0.0,-0.14804716,0.0
0.182,0.0019729864,6.094976e-20,0.9598035,-3.0353124e-16,-11.953847,-4.004247e-17,0.182,0.0019729864,6.094976e-20,0.9598035,-3.0353124e-16,-11.953847,-4.004247e-17,0.182,-0.0008819802,0.0,0.903968,0.0,-0.15861972,0.0
0.186,0.002198917,6.764921e-20,0.95647794,-3.1945458e-16,-12.462236,-4.436706e-17,0.186,0.002198917,6.764921e-20,0.95647794,-3.1945458e-16,-12.462236,-4.436706e-17,0.186,-0.0010092482,0.0,0.89927256,0.0,-0.16893402,0.0
0.191,0.0024680477,7.543038e-20,0.9531473,-3.3005457e-16,-13.161251,-5.036337e-17,0.191,0.0024680477,7.543038e-20,0.9531473,-3.3005457e-16,-13.161251,-5.036337e-17,0.191,-0.0011503311,0.0,0.8944612,0.0,-0.15061878,0.0
0.195,0.0027810954,8.429215e-20,0.94980645,-3.437354e-16,-14.082446,-5.84343e-17,0.195,0.0027810954,8.429215e-20,0.94980645,-3.437354e-16,-14.082446,-5.84343e-17,0.195,-0.001303942,0.0,0.88953304,0.0,-0.13275091,0.0
0.2,0.0031294704,9.3996494e-20,0.9464082,-3.6392744e-16,-15.170689,-6.847375e-17,0.2,0.0031294704,9.3996494e-20,0.9464082,-3.6392744e-16,-15.170689,-6.847375e-17,0.2,-0.0014684774,0.0,0.88448745,0.0,-0.115319505,0.0
0.205,0.0035066037,1.04368654e-19,0.94291735,-3.854202e-16,-16.384844,-7.9723787e-17,0.205,0.0035066037,1.04368654e-19,0.94291735,-3.854202e-16,-16.384844,-7.9723787e-17,0.205,-0.0016424076,0.0,0.8793237,0.0,-0.098313875,0.0
0.209,0.0039423304,1.1606017e-19,0.9394266,-4.0659223e-16,-17.418236,-9.010732e-17,0.209,0.0039423304,1.1606017e-19,0.9394266,-4.0659223e-16,-17.418236,-9.010732e-17,0.209,-0.0018242471,0.0,0.8740411,0.0,-0.08172363,0.0
0.214,0.004409148,1.2844473e-19,0.9358375,-4.2792838e-16,-18.411846,-1.0065626e-16,0.214,0.004409148,1.2844473e-19,0.9358375,-4.2792838e-16,-18.411846,-1.0065626e-16,0.214,-0.0020125464,0.0,0.86863816,0.0,-0.06553863,0.0
0.218,0.004894866,1.4124345e-19,0.93210506,-4.483433e-16,-19.439209,-1.1191837e-16,0.218,0.004894866,1.4124345e-19,0.93210506,-4.483433e-16,-19.439209,-1.1191837e-16,0.218,-0.002205943,0.0,0.8631138,0.0,-0.049748965,0.0
0.223,0.005399913,1.5445971e-19,0.92822725,-4.6611143e-16,-20.479984,-1.2372212e-16,0.223,0.005399913,1.5445971e-19,0.92822725,-4.6611143e-16,-20.479984,-1.2372212e-16,0.223,-0.0024031491,0.0,0.85746694,0.0,-0.034344982,0.0
0.227,0.0059251846,1.6810395e-19,0.92420346,-4.8329365e-16,-21.511774,-1.3585469e-16,0.227,0.0059251846,1.6810395e-19,0.92420346,-4.8329365e-16,-21.511774,-1.3585469e-16,0.227,-0.002602948,0.0,0.8516965,0.0,-0.019317267,0.0
0.232,0.006522893,1.8324412e-19,0.92016333,-5.0001805e-16,-22.33042,-1.4642022e-16,0.232,0.006522893,1.8324412e-19,0.92016333,-5.0001805e-16,-22.33042,-1.4642022e-16,0.232,-0.002804304,0.0,0.8458044,0.0,-0.010588945,0.0
0.236,0.007212767,2.0026959e-19,0.9161491,-5.15903e-16,-22.870005,-1.5461644e-16,0.236,0.007212767,2.0026959e-19,0.9161491,-5.15903e-16,-22.870005,-1.5461644e-16,0.236,-0.0030065374,0.0,0.8397973,0.0,-0.002073823,0.0
0.241,0.007997186,2.1922807e-19,0.9121598,-5.308034e-16,-23.130817,-1.6023534e-16,0.241,0.007997186,2.1922807e-19,0.9121598,-5.308034e-16,-23.130817,-1.6023534e-16,0.241,-0.0032089497,0.0,0.8336811,0.0,0.006233305,0.0
0.245,0.008877422,2.401698e-19,0.90819484,-5.4461566e-16,-23.113033,-1.6309537e-16,0.245,0.008877422,2.401698e-19,0.90819484,-5.4461566e-16,-23.113033,-1.6309537e-16,0.245,-0.0034107687,0.0,0.8274612,0.0,0.014337521,0.0
0.25,0.009853645,2.6314787e-19,0.9042542,-5.5728315e-16,-22.816746,-1.6304716e-16,0.25,0.009853645,2.6314787e-19,0.9042542,-5.5728315e-16,-22.816746,-1.6304716e-16,0.25,-0.003611167,0.0,0.82114387,0.0,0.020661559,0.0
0.255,0.010924932,2.8821842e-19,0.9003381,-5.6880025e-16,-22.242098,-1.5997747e-16,0.255,0.010924932,2.8821842e-19,0.9003381,-5.6880025e-16,-22.242098,-1.5997747e-16,0.255,-0.0038093263,0.0,0.8147371,0.0,0.026831122,0.0
0.259,0.012089252,3.1544073e-19,0.8964475,-5.7921855e-16,-21.389338,-1.5381064e-16,0.259,0.012089252,3.1544073e-19,0.8964475,-5.7921855e-16,-21.389338,-1.5381064e-16,0.259,-0.0040043932,0.0,0.8082481,0.0,0.032849986,0.0
0.264,0.013343462,3.4487696e-19,0.8925836,-5.886469e-16,-20.258816,-1.4450504e-16,0.264,0.013343462,3.4487696e-19,0.8925836,-5.886469e-16,-20.258816,-1.4450504e-16,0.264,-0.004195462,0.0,0.80168366,0.0,0.038721833,0.0
0.268,0.014683294,3.7659202e-19,0.888748,-5.972497e-16,-18.850996,-1.3204664e-16,0.268,0.014683294,3.7659202e-19,0.888748,-5.972497e-16,-18.850996,-1.3204664e-16,0.268,-0.004381584,0.0,0.79504997,0.0,0.04445025,0.0
0.273,0.016103327,4.1065296e-19,0.88494265,-6.0106617e-16,-17.584082,-1.2152653e-16,0.273,0.016103327,4.1065296e-19,0.88494265,-6.0106617e-16,-17.584082,-1.2152653e-16,0.273,-0.0045617716,0.0,0.78835166,0.0,0.052787922,0.0
0.277,0.017598253,4.4710746e-19,0.8811693,-5.986159e-16,-16.59692,-1.1472254e-16,0.277,0.017598253,4.4710746e-19,0.8811693,-5.986159e-16,-16.59692,-1.1472254e-16,0.277,-0.004734868,0.0,0.78159106,0.0,0.060921934,0.0
0.282,0.019163728,4.8596985e-19,0.8774293,-5.8975463e-16,-15.889049,-1.1166659e-16,0.282,0.019163728,4.8596985e-19,0.8774293,-5.8975463e-16,-15.889049,-1.1166659e-16,0.282,-0.004899647,0.0,0.77477044,0.0,0.06885726,0.0
0.286,0.020796536,5.2721964e-19,0.8737236,-5.7436e-16,-15.460113,-1.1231644e-16,0.286,0.020796536,5.2721964e-19,0.8737236,-5.7436e-16,-15.460113,-1.1231644e-16,0.286,-0.005054886,0.0,0.7678919,0.0,0.076598756,0.0
0.291,0.022494601,5.7080146e-19,0.8700528,-5.52334e-16,-15.309867,-1.1655089e-16,0.291,0.022494601,5.7080146e-19,0.8700528,-5.52334e-16,-15.309867,-1.1655089e-16,0.291,-0.0051993662,0.0,0.76095736,0.0,0.084151156,0.0
0.295,0.024256997,6.166253e-19,0.86641705,-5.281118e-16,-15.020403,-1.1964466e-16,0.295,0.024256997,6.166253e-19,0.86641705,-5.281118e-16,-15.020403,-1.1964466e-16,0.295,-0.005331745,0.0,0.75397134,0.0,0.087676995,0.0
0.3,0.026082644,6.645874e-19,0.8628167,-5.0326976e-16,-14.452573,-1.2025055e-16,0.3,0.026082644,6.645874e-19,0.8628167,-5.0326976e-16,-14.452573,-1.2025055e-16,0.3,-0.005450662,0.0,0.74694276,0.0,0.091116704,0.0
0.305,0.027969465,7.1458437e-19,0.8592523,-4.779465e-16,-13.606623,-1.1863583e-16,0.305,0.027969465,7.1458437e-19,0.8592523,-4.779465e-16,-13.606623,-1.1863583e-16,0.305,-0.0055548893,0.0,0.7398795,0.0,0.09447239,0.0
0.309,0.029914213,7.665154e-19,0.8557245,-4.52305e-16,-12.4829,-1.1507815e-16,0.309,0.029914213,7.665154e-19,0.8557245,-4.52305e-16,-12.4829,-1.1507815e-16,0.309,-0.0056432085,0.0,0.7327888,0.0,0.09774611,0.0
0.314,0.03191248,8.2028244e-19,0.8522345,-4.2156552e-16,-11.499532,-1.1360436e-16,0.314,0.03191248,8.2028244e-19,0.8522345,-4.2156552e-16,-11.499532,-1.1360436e-16,0.314,-0.0057144873,0.0,0.7256762,0.0,0.10316747,0.0
0.318,0.03395998,8.757691e-19,0.84878314,-3.8397076e-16,-10.795447,-1.1533833e-16,0.318,0.03395998,8.757691e-19,0.84878314,-3.8397076e-16,-10.795447,-1.1533833e-16,0.318,-0.005767581,0.0,0.7185442,0.0,0.108456396,0.0
0.323,0.03605346,9.328271e-19,0.845371,-3.3937286e-16,-10.370293,-1.1997823e-16,0.323,0.03605346,9.328271e-19,0.845371,-3.3937286e-16,-10.370293,-1.1997823e-16,0.323,-0.0058012777,0.0,0.7113955,0.0,0.11361613,0.0
0.327,0.03819082,9.912734e-19,0.8419986,-2.8765006e-16,-10.223827,-1.2713172e-16,0.327,0.03819082,9.912734e-19,0.8419986,-2.8765006e-16,-10.223827,-1.2713172e-16,0.327,-0.0058143805,0.0,0.7042325,0.0,0.11864984,0.0
0.332,0.04037113,1.050891e-18,0.83866596,-2.2869853e-16,-10.355912,-1.3631035e-16,0.332,0.04037113,1.050891e-18,0.83866596,-2.2869853e-16,-10.355912,-1.3631035e-16,0.332,-0.005805712,0.0,0.6970575,0.0,0.12356059,0.0
0.336,0.042594653,1.1114274e-18,0.8353731,-1.6777381e-16,-10.348695,-1.4503576e-16,0.336,0.042594653,1.1114274e-18,0.8353731,-1.6777381e-16,-10.348695,-1.4503576e-16,0.336,-0.005773909,0.0,0.6898749,0.0,0.125754,0.0
0.341,0.044861477,1.1726166e-18,0.83211994,-1.06715735e-16,-10.062973,-1.5304391e-16,0.341,0.044861477,1.1726166e-18,0.83211994,-1.06715735e-16,-10.062973,-1.5304391e-16,0.341,-0.00571747,0.0,0.68269277,0.0,0.12789384,0.0
0.345,0.047170687,1.2341934e-18,0.82890666,-4.5641388e-17,-9.49888,-1.6093049e-16,0.345,0.047170687,1.2341934e-18,0.82890666,-4.5641388e-17,-9.49888,-1.6093049e-16,0.345,-0.005635059,0.0,0.67551845,0.0,0.1299814,0.0
0.35,0.04952018,1.2958962e-18,0.8257336,1.5343016e-17,-8.656663,-1.6928892e-16,0.35,0.04952018,1.2958962e-18,0.8257336,1.5343016e-17,-8.656663,-1.6928892e-16,0.35,-0.005525385,0.0,0.66835874,0.0,0.13201797,0.0
0.355,0.05190668,1.3574673e-18,0.82260126,8.1828194e-17,-7.9543614,-1.7883817e-16,0.355,0.05190668,1.3574673e-18,0.82260126,8.1828194e-17,-7.9543614,-1.7883817e-16,0.355,-0.0053873286,0.0,0.66121835,0.0,0.13603738,0.0
0.359,0.054327052,1.4186317e-18,0.8195101,1.5576343e-16,-7.530989,-1.892766e-16,0.359,0.054327052,1.4186317e-18,0.8195101,1.5576343e-16,-7.530989,-1.892766e-16,0.359,-0.0052198577,0.0,0.65409905,0.0,0.13995862,0.0
0.364,0.0567792,1.4790817e-18,0.8164604,2.3724432e-16,-7.3863034,-1.9994185e-16,0.364,0.0567792,1.4790817e-18,0.8164604,2.3724432e-16,-7.3863034,-1.9994185e-16,0.364,-0.0050218655,0.0,0.64700264,0.0,0.14378406,0.0
0.368,0.059262197,1.5384737e-18,0.81345224,3.2637373e-16,-7.520169,-2.1006246e-16,0.368,0.059262197,1.5384737e-18,0.81345224,3.2637373e-16,-7.520169,-2.1006246e-16,0.368,-0.0047922703,0.0,0.63993084,0.0,0.14751607,0.0
0.373,0.061776314,1.5964284e-18,0.8104856,4.2326337e-16,-7.93249,-2.1875131e-16,0.373,0.061776314,1.5964284e-18,0.8104856,4.2326337e-16,-7.93249,-2.1875131e-16,0.373,-0.004530017,0.0,0.6328851,0.0,0.15115693,0.0
0.377,0.06432299,1.6525289e-18,0.8075603,5.219369e-16,-8.205349,-2.2808792e-16,0.377,0.06432299,1.6525289e-18,0.8075603,5.219369e-16,-8.205349,-2.2808792e-16,0.377,-0.0042338464,0.0,0.6258689,0.0,0.15262638,0.0
0.382,0.066903524,1.7063453e-18,0.80467606,6.2028276e-16,-8.199609,-2.3969047e-16,0.382,0.066903524,1.7063453e-18,0.80467606,6.2028276e-16,-8.199609,-2.3969047e-16,0.382,-0.0039023296,0.0,0.6188891,0.0,0.15405995,0.0
0.386,0.06951818,1.757449e-18,0.8018329,7.181812e-16,-7.9153624,-2.545162e-16,0.386,0.06951818,1.757449e-18,0.8018329,7.181812e-16,-7.9153624,-2.545162e-16,0.386,-0.0035342139,0.0,0.6119516,0.0,0.1554585,0.0
0.391,0.072166026,1.805417e-18,0.79903084,8.1554487e-16,-7.3527465,-2.7350466e-16,0.391,0.072166026,1.805417e-18,0.79903084,8.1554487e-16,-7.3527465,-2.7350466e-16,0.391,-0.003128302,0.0,0.60506207,0.0,0.15682288,0.0
0.395,0.07484497,1.8498323e-18,0.7962703,9.123685e-16,-6.5120034,-2.9757665e-16,0.395,0.07484497,1.8498323e-18,0.7962703,9.123685e-16,-6.5120034,-2.9757665e-16,0.395,-0.002683451,0.0,0.59822565,0.0,0.15815392,0.0
0.4,0.077551715,1.8902851e-18,0.7935515,1.0087571e-15,-5.3934827,-3.2763565e-16,0.4,0.077551715,1.8902851e-18,0.7935515,1.0087571e-15,-5.3934827,-3.2763565e-16,0.4,-0.0021985474,0.0,0.5914473,0.0,0.15948907,0.0
0.405,0.0802818,1.9263744e-18,0.790875,1.1049505e-15,-3.997641,-3.64576e-16,0.405,0.0802818,1.9263744e-18,0.790875,1.1049505e-15,-3.997641,-3.64576e-16,0.405,-0.0016724892,0.0,0.58473176,0.0,0.16079159,0.0
0.409,0.08302957,1.9577103e-18,0.7882413,1.2013487e-15,-2.3250434,-4.092988e-16,0.409,0.08302957,1.9577103e-18,0.7882413,1.2013487e-15,-2.3250434,-4.092988e-16,0.409,-0.0011042246,0.0,0.5780835,0.0,0.16206232,0.0
0.414,0.085788146,1.983916e-18,0.7856508,1.2985377e-15,-0.37635827,-4.6273706e-16,0.414,0.085788146,1.983916e-18,0.7856508,1.2985377e-15,-0.37635827,-4.6273706e-16,0.414,-0.0004927485,0.0,0.5715067,0.0,0.16330199,0.0
0.418,0.0885495,2.004631e-18,0.78310364,1.3973197e-15,1.8476398,-5.258935e-16,0.418,0.0885495,2.004631e-18,0.78310364,1.3973197e-15,1.8476398,-5.258935e-16,0.418,0.00016272369,0.0,0.56500345,0.0,0.16652049,0.0
0.423,0.0913057,2.020482e-18,0.78055966,1.4986583e-15,4.3002024,-5.9872635e-16,0.423,0.0913057,2.020482e-18,0.78055966,1.4986583e-15,4.3002024,-5.9872635e-16,0.423,0.00086284743,0.0,0.5585729,0.0,0.16966039,0.0
0.427,0.0940525,2.0328203e-18,0.7779543,1.6034748e-15,6.9068637,-6.8035804e-16,0.427,0.0940525,2.0328203e-18,0.7779543,1.6034748e-15,6.9068637,-6.8035804e-16,0.427,0.0016083866,0.0,0.5522144,0.0,0.17272358,0.0
0.432,0.09678943,2.0429057e-18,0.7752326,1.7125694e-15,9.604695,-7.699792e-16,0.432,0.09678943,2.0429057e-18,0.7752326,1.7125694e-15,9.604695,-7.699792e-16,0.432,0.0024000858,0.0,0.54592746,0.0,0.17571194,0.0
0.436,0.09951784,2.0516075e-18,0.7723593,1.8266174e-15,12.344347,-8.669492e-16,0.436,0.09951784,2.0516075e-18,0.7723593,1.8266174e-15,12.344347,-8.669492e-16,0.436,0.0032386705,0.0,0.5397115,0.0,0.17862733,0.0
0.441,0.10223477,2.0588364e-18,0.7693349,1.9434923e-15,15.07311,-9.702194e-16,0.441,0.10223477,2.0588364e-18,0.7693349,1.9434923e-15,15.07311,-9.702194e-16,0.441,0.0041250545,0.0,0.5335676,0.0,0.17971751,0.0
0.445,0.10493539,2.0642584e-18,0.7661684,2.0668688e-15,17.739801,-1.0783787e-15,0.445,0.10493539,2.0642584e-18,0.7661684,2.0668688e-15,17.739801,-1.0783787e-15,0.445,0.0050603007,0.0,0.5274995,0.0,0.18078105,0.0
0.45,0.10761059,2.0671827e-18,0.7628794,2.1968164e-15,20.30903,-1.1902417e-15,0.45,0.10761059,2.0671827e-18,0.7628794,2.1968164e-15,20.30903,-1.1902417e-15,0.45,0.0060453075,0.0,0.5215106,0.0,0.18181863,0.0
0.455,0.11024858,2.066786e-18,0.75948966,2.3274278e-15,22.752619,-1.3045203e-15,0.455,0.11024858,2.066786e-18,0.75948966,2.3274278e-15,22.752619,-1.3045203e-15,0.455,0.0070809308,0.0,0.5156039,0.0,0.18283086,0.0
0.459,0.11283473,2.062129e-18,0.756023,2.4564307e-15,25.039822,-1.4200473e-15,0.459,0.11283473,2.062129e-18,0.756023,2.4564307e-15,25.039822,-1.4200473e-15,0.459,0.008167791,0.0,0.5097807,0.0,0.18584144,0.0
0.464,0.115355805,2.0524861e-18,0.7524955,2.5828307e-15,27.148191,-1.5351838e-15,0.464,0.115355805,2.0524861e-18,0.7524955,2.5828307e-15,27.148191,-1.5351838e-15,0.464,0.00930637,0.0,0.5040394,0.0,0.18877849,0.0
0.468,0.11780057,2.0373413e-18,0.7489169,2.7053618e-15,29.06286,-1.6480871e-15,0.468,0.11780057,2.0373413e-18,0.7489169,2.7053618e-15,29.06286,-1.6480871e-15,0.468,0.010497269,0.0,0.49837872,0.0,0.1916438,0.0
0.473,0.12015991,2.0163454e-18,0.74529207,2.8226261e-15,30.774662,-1.7569562e-15,0.473,0.12015991,2.0163454e-18,0.74529207,2.8226261e-15,30.774662,-1.7569562e-15,0.473,0.011741078,0.0,0.49279737,0.0,0.19443911,0.0
0.477,0.12242723,1.9893123e-18,0.7416215,2.9331955e-15,32.279785,-1.8601184e-15,0.477,0.12242723,1.9893123e-18,0.7416215,2.9331955e-15,32.279785,-1.8601184e-15,0.477,0.013038373,0.0,0.48729426,0.0,0.19716616,0.0
0.482,0.124572344,1.954541e-18,0.737944,3.0439802e-15,33.522984,-1.952704e-15,0.482,0.124572344,1.954541e-18,0.737944,3.0439802e-15,33.522984,-1.952704e-15,0.482,0.014389915,0.0,0.4818697,0.0,0.19809078,0.0
0.486,0.12658237,1.9113958e-18,0.73427033,3.1560481e-15,34.486477,-2.0318715e-15,0.486,0.12658237,1.9113958e-18,0.73427033,3.1560481e-15,34.486477,-2.0318715e-15,0.486,0.01579661,0.0,0.47652644,0.0,0.1989928,0.0
0.491,0.12845369,1.8597237e-18,0.730598,3.2677009e-15,35.17071,-2.0957884e-15,0.491,0.12845369,1.8597237e-18,0.730598,3.2677009e-15,35.17071,-2.0957884e-15,0.491,0.017259195,0.0,0.47126696,0.0,0.1998728,0.0
0.495,0.13018368,1.7993083e-18,0.72692513,3.3774088e-15,35.57604,-2.1426715e-15,0.495,0.13018368,1.7993083e-18,0.72692513,3.3774088e-15,35.57604,-2.1426715e-15,0.495,0.01877838,0.0,0.4660934,0.0,0.20073132,0.0
0.5,0.13177076,1.7298679e-18,0.7232506,3.4839018e-15,35.70269,-2.1708773e-15,0.5,0.13177076,1.7298679e-18,0.7232506,3.4839018e-15,35.70269,-2.1708773e-15,0.5,0.020354819,0.0,0.46100774,0.0,0.20170775,0.0
0.505,0.13321428,1.6510533e-18,0.7195739,3.586247e-15,35.55079,-2.1789793e-15,0.505,0.13321428,1.6510533e-18,0.7195739,3.586247e-15,35.55079,-2.1789793e-15,0.505,0.02198912,0.0,0.4560116,0.0,0.20266034,0.0
0.509,0.13451457,1.5624472e-18,0.71589524,3.683893e-15,35.120453,-2.1658275e-15,0.509,0.13451457,1.5624472e-18,0.71589524,3.683893e-15,35.120453,-2.1658275e-15,0.509,0.023681873,0.0,0.4511064,0.0,0.20358965,0.0
0.514,0.13567296,1.4635623e-18,0.7122155,3.7767293e-15,34.411854,-2.1305892e-15,0.514,0.13567296,1.4635623e-18,0.7122155,3.7767293e-15,34.411854,-2.1305892e-15,0.514,0.025433645,0.0,0.44629356,0.0,0.20449626,0.0
0.518,0.13669705,1.3542652e-18,0.7085284,3.8519725e-15,33.463142,-2.0754058e-15,0.518,0.13669705,1.3542652e-18,0.7085284,3.8519725e-15,33.463142,-2.0754058e-15,0.518,0.02724497,0.0,0.4415743,0.0,0.20538072,0.0
0.523,0.1375865,1.2337e-18,0.7048414,3.9313713e-15,32.667107,-2.0316975e-15,0.523,0.1375865,1.2337e-18,0.7048414,3.9313713e-15,32.667107,-2.0316975e-15,0.523,0.029116182,0.0,0.43694842,0.0,0.20819373,0.0
0.527,0.13837965,1.1045773e-18,0.701101,4.015936e-15,31.987837,-1.9964918e-15,0.527,0.13837965,1.1045773e-18,0.701101,4.015936e-15,31.987837,-1.9964918e-15,0.527,0.031047495,0.0,0.43241334,0.0,0.21093804,0.0
0.532,0.13909124,9.676938e-19,0.6972886,4.09779e-15,31.363693,-1.964933e-15,0.532,0.13909124,9.676938e-19,0.6972886,4.09779e-15,31.363693,-1.964933e-15,0.532,0.033039257,0.0,0.42796674,0.0,0.21361531,0.0
0.536,0.13972266,8.2272873e-19,0.69340503,4.180349e-15,30.795935,-1.9372692e-15,0.536,0.13972266,8.2272873e-19,0.69340503,4.180349e-15,30.795935,-1.9372692e-15,0.536,0.03509182,0.0,0.42360657,0.0,0.21622719,0.0
0.541,0.14027503,6.6935476e-19,0.68945175,4.270491e-15,30.288425,-1.9138985e-15,0.541,0.14027503,6.6935476e-19,0.68945175,4.270491e-15,30.288425,-1.9138985e-15,0.541,0.03720553,0.0,0.41933078,0.0,0.21877526,0.0
0.545,0.1407148,5.032871e-19,0.6854889,4.359794e-15,29.587534,-1.8733984e-15,0.545,0.1407148,5.032871e-19,0.6854889,4.359794e-15,29.587534,-1.8733984e-15,0.545,0.039380893,0.0,0.41513863,0.0,0.21957211,0.0
0.55,0.14103463,3.2295052e-19,0.6815342,4.4507075e-15,28.756207,-1.820669e-15,0.55,0.14103463,3.2295052e-19,0.6815342,4.4507075e-15,28.756207,-1.820669e-15,0.55,0.041618522,0.0,0.41103142,0.0,0.22034949,0.0
0.555,0.14123978,1.2806013e-19,0.6775851,4.552335e-15,27.891584,-1.7638003e-15,0.555,0.14123978,1.2806013e-19,0.6775851,4.552335e-15,27.891584,-1.7638003e-15,0.555,0.04391888,0.0,0.40701023,0.0,0.22110789,0.0
0.559,0.1413339,-8.1927884e-20,0.67364246,4.6580705e-15,27.03785,-1.7065647e-15,0.559,0.1413339,-8.1927884e-20,0.67364246,4.6580705e-15,27.03785,-1.7065647e-15,0.559,0.04628242,0.0,0.40307602,0.0,0.22184776,0.0
0.564,0.14131682,-3.0813863e-19,0.66971433,4.7728168e-15,26.39853,-1.6676017e-15,0.564,0.14131682,-3.0813863e-19,0.66971433,4.7728168e-15,26.39853,-1.6676017e-15,0.564,0.0487094,0.0,0.3992285,0.0,0.22438274,0.0
0.568,0.14119759,-5.5018476e-19,0.6657892,4.8841093e-15,25.924746,-1.6428586e-15,0.568,0.14119759,-5.5018476e-19,0.6657892,4.8841093e-15,25.924746,-1.6428586e-15,0.568,0.05119997,0.0,0.3954654,0.0,0.2268558,0.0
0.573,0.1409822,-8.0794887e-19,0.6618596,4.98611e-15,25.557522,-1.6273815e-15,0.573,0.1409822,-8.0794887e-19,0.6618596,4.98611e-15,25.557522,-1.6273815e-15,0.573,0.053754404,0.0,0.39178473,0.0,0.22926846,0.0
0.577,0.14067324,-1.0816857e-18,0.6579236,5.0882468e-15,25.278687,-1.6198019e-15,0.577,0.14067324,-1.0816857e-18,0.6579236,5.0882468e-15,25.278687,-1.6198019e-15,0.577,0.056372985,0.0,0.38818455,0.0,0.23162217,0.0
0.582,0.14027251,-1.3716907e-18,0.6539802,5.203525e-15,25.074823,-1.6190628e-15,0.582,0.14027251,-1.3716907e-18,0.6539802,5.203525e-15,25.074823,-1.6190628e-15,0.582,0.059055995,0.0,0.3846631,0.0,0.23391841,0.0
0.586,0.1397711,-1.6802088e-18,0.65005046,5.3197955e-15,24.68006,-1.5989797e-15,0.586,0.1397711,-1.6802088e-18,0.65005046,5.3197955e-15,24.68006,-1.5989797e-15,0.586,0.061803862,0.0,0.38121974,0.0,0.23447017,0.0
0.591,0.1391521,-2.0113058e-18,0.6461748,5.434064e-15,24.194904,-1.569001e-15,0.591,0.1391521,-2.0113058e-18,0.6461748,5.434064e-15,24.194904,-1.569001e-15,0.591,0.064617105,0.0,0.37785563,0.0,0.23500846,0.0
0.595,0.13841265,-2.3666092e-18,0.6423646,5.5587448e-15,23.718067,-1.5388986e-15,0.595,0.13841265,-2.3666092e-18,0.6423646,5.5587448e-15,23.718067,-1.5388986e-15,0.595,0.0674961,0.0,0.37457162,0.0,0.2355336,0.0
0.6,0.13755494,-2.746888e-18,0.6386214,5.688038e-15,23.27334,-1.5111536e-15,0.6,0.13755494,-2.746888e-18,0.6386214,5.688038e-15,23.27334,-1.5111536e-15,0.6,0.07044121,0.0,0.37136862,0.0,0.23604591,0.0
0.605,0.13659534,-3.1497067e-18,0.63491285,5.8264826e-15,23.046654,-1.5061538e-15,0.605,0.13659534,-3.1497067e-18,0.63491285,5.8264826e-15,23.046654,-1.5061538e-15,0.605,0.07345263,0.0,0.36824644,0.0,0.23813902,0.0
0.609,0.13553506,-3.5757624e-18,0.63123965,5.971523e-15,22.976284,-1.5179329e-15,0.609,0.13553506,-3.5757624e-18,0.63123965,5.971523e-15,22.976284,-1.5179329e-15,0.609,0.07653048,0.0,0.36520335,0.0,0.240181,0.0
0.614,0.13437453,-4.025693e-18,0.6276021,6.1303866e-15,22.990116,-1.5391209e-15,0.614,0.13437453,-4.025693e-18,0.6276021,6.1303866e-15,22.990116,-1.5391209e-15,0.614,0.07967499,0.0,0.36223778,0.0,0.24217309,0.0
0.618,0.13311487,-4.4998948e-18,0.6239977,6.295221e-15,23.06025,-1.566961e-15,0.618,0.13311487,-4.4998948e-18,0.6239977,6.295221e-15,23.06025,-1.566961e-15,0.618,0.08288637,0.0,0.35934827,0.0,0.24411654,0.0
0.623,0.13175638,-4.9989176e-18,0.6204252,6.4517305e-15,23.167738,-1.5995264e-15,0.623,0.13175638,-4.9989176e-18,0.6204252,6.4517305e-15,23.167738,-1.5995264e-15,0.623,0.08616486,0.0,0.35653347,0.0,0.24601251,0.0
0.627,0.13030116,-5.5227466e-18,0.6168786,6.6010506e-15,23.074554,-1.6079925e-15,0.627,0.13030116,-5.5227466e-18,0.6168786,6.6010506e-15,23.074554,-1.6079925e-15,0.627,0.08951082,0.0,0.35379288,0.0,0.2462196,0.0
0.632,0.12872824,-6.0776384e-18,0.6134077,6.7378223e-15,22.89537,-1.6055678e-15,0.632,0.12872824,-6.0776384e-18,0.6134077,6.7378223e-15,22.89537,-1.6055678e-15,0.632,0.09292467,0.0,0.35112768,0.0,0.24642165,0.0
0.636,0.12703119,-6.666274e-18,0.6100298,6.871362e-15,22.722485,-1.6035062e-15,0.636,0.12703119,-6.666274e-18,0.6100298,6.871362e-15,22.722485,-1.6035062e-15,0.636,0.0964067,0.0,0.3485388,0.0,0.24661876,0.0
0.641,0.12521091,-7.289428e-18,0.6067454,6.9955854e-15,22.569338,-1.6036029e-15,0.641,0.12521091,-7.289428e-18,0.6067454,6.9955854e-15,22.569338,-1.6036029e-15,0.641,0.099957176,0.0,0.34602702,0.0,0.24681105,0.0
0.645,0.12326823,-7.947823e-18,0.6035547,7.1072095e-15,22.437311,-1.6061644e-15,0.645,0.12326823,-7.947823e-18,0.6035547,7.1072095e-15,22.437311,-1.6061644e-15,0.645,0.10357638,0.0,0.3435932,0.0,0.24699865,0.0
0.65,0.12120799,-8.640897e-18,0.60044825,7.223728e-15,22.467615,-1.6303992e-15,0.65,0.12120799,-8.640897e-18,0.60044825,7.223728e-15,22.467615,-1.6303992e-15,0.65,0.10726451,0.0,0.34123802,0.0,0.24710585,0.0
0.655,0.11902556,-9.370648e-18,0.5974374,7.343237e-15,22.554655,-1.6624593e-15,0.655,0.11902556,-9.370648e-18,0.5974374,7.343237e-15,22.554655,-1.6624593e-15,0.655,0.111021765,0.0,0.33896205,0.0,0.24721043,0.0
0.659,0.11671854,-1.01382804e-17,0.5945268,7.4519655e-15,22.628931,-1.6929352e-15,0.659,0.11671854,-1.01382804e-17,0.5945268,7.4519655e-15,22.628931,-1.6929352e-15,0.659,0.11484831,0.0,0.33676577,0.0,0.24731246,0.0
0.664,0.114286534,-1.0944343e-17,0.5917165,7.55633e-15,22.684416,-1.7209052e-15,0.664,0.114286534,-1.0944343e-17,0.5917165,7.55633e-15,22.684416,-1.7209052e-15,0.664,0.11874429,0.0,0.3346497,0.0,0.24741198,0.0
0.668,0.111752935,-1.1781972e-17,0.5889497,7.672192e-15,22.94409,-1.7784594e-15,0.668,0.111752935,-1.1781972e-17,0.5889497,7.672192e-15,22.94409,-1.7784594e-15,0.668,0.12270977,0.0,0.33261368,0.0,0.24878298,0.0
0.673,0.10911578,-1.2651931e-17,0.5862284,7.784756e-15,23.315393,-1.853012e-15,0.673,0.10911578,-1.2651931e-17,0.5862284,7.784756e-15,23.315393,-1.853012e-15,0.673,0.12674478,0.0,0.3306564,0.0,0.2501205,0.0
0.677,0.10637116,-1.3555331e-17,0.58355784,7.895827e-15,23.706717,-1.9315242e-15,0.677,0.10637116,-1.3555331e-17,0.58355784,7.895827e-15,23.706717,-1.9315242e-15,0.677,0.13084944,0.0,0.3287768,0.0,0.25142533,0.0
0.682,0.10351758,-1.4492436e-17,0.58093697,8.0174066e-15,24.090988,-2.0100568e-15,0.682,0.10351758,-1.4492436e-17,0.58093697,8.0174066e-15,24.090988,-2.0100568e-15,0.682,0.13502383,0.0,0.32697377,0.0,0.25269827,0.0
0.686,0.100553304,-1.5463619e-17,0.5783651,8.141824e-15,24.454214,-2.0864755e-15,0.686,0.100553304,-1.5463619e-17,0.5783651,8.141824e-15,24.454214,-2.0864755e-15,0.686,0.13926812,0.0,0.32524636,0.0,0.25394017,0.0
0.691,0.097475864,-1.6469535e-17,0.5758436,8.254753e-15,24.630102,-2.1347856e-15,0.691,0.097475864,-1.6469535e-17,0.5758436,8.254753e-15,24.630102,-2.1347856e-15,0.691,0.1435825,0.0,0.32359424,0.0,0.25364974,0.0
0.695,0.09427083,-1.7514737e-17,0.57340133,8.35224e-15,24.72279,-2.1704065e-15,0.695,0.09427083,-1.7514737e-17,0.57340133,8.35224e-15,24.72279,-2.1704065e-15,0.695,0.14796714,0.0,0.32201818,0.0,0.25336644,0.0
0.7,0.09093349,-1.8600956e-17,0.57104737,8.45583e-15,24.80424,-2.204415e-15,0.7,0.09093349,-1.8600956e-17,0.57104737,8.45583e-15,24.80424,-2.204415e-15,0.7,0.15242217,0.0,0.32051882,0.0,0.25309005,0.0
0.705,0.087463506,-1.972863e-17,0.56878126,8.562586e-15,24.881386,-2.2379038e-15,0.705,0.087463506,-1.972863e-17,0.56878126,8.562586e-15,24.881386,-2.2379038e-15,0.705,0.15694764,0.0,0.31909677,0.0,0.2528204,0.0
0.709,0.08388386,-2.0890865e-17,0.5665526,8.68408e-15,25.166368,-2.3061266e-15,0.709,0.08388386,-2.0890865e-17,0.5665526,8.68408e-15,25.166368,-2.3061266e-15,0.709,0.16154356,0.0,0.31775218,0.0,0.25364012,0.0
0.714,0.080187604,-2.208996e-17,0.5643737,8.811485e-15,25.525167,-2.3876127e-15,0.714,0.080187604,-2.208996e-17,0.5643737,8.811485e-15,25.525167,-2.3876127e-15,0.714,0.16620998,0.0,0.3164844,0.0,0.25443977,0.0
0.718,0.07636845,-2.3327808e-17,0.56225395,8.948064e-15,25.860018,-2.4661227e-15,0.718,0.07636845,-2.3327808e-17,0.56225395,8.948064e-15,25.860018,-2.4661227e-15,0.718,0.17094697,0.0,0.31529284,0.0,0.2552199,0.0
0.723,0.07242475,-2.4604888e-17,0.56019306,9.0756345e-15,26.15636,-2.5389738e-15,0.723,0.07242475,-2.4604888e-17,0.56019306,9.0756345e-15,26.15636,-2.5389738e-15,0.723,0.17575464,0.0,0.314177,0.0,0.255981,0.0
0.727,0.06835513,-2.5921619e-17,0.5581904,9.207411e-15,26.412523,-2.6055873e-15,0.727,0.06835513,-2.5921619e-17,0.5581904,9.207411e-15,26.412523,-2.6055873e-15,0.727,0.18063305,0.0,0.31313634,0.0,0.2567235,0.0
0.732,0.06414305,-2.7283303e-17,0.5562764,9.32111e-15,26.52734,-2.6466512e-15,0.732,0.06414305,-2.7283303e-17,0.5562764,9.32111e-15,26.52734,-2.6466512e-15,0.732,0.18558238,0.0,0.31217086,0.0,0.2560255,0.0
0.736,0.05978556,-2.869114e-17,0.55445516,9.42642e-15,26.58075,-2.6765409e-15,0.736,0.05978556,-2.869114e-17,0.55445516,9.42642e-15,26.58075,-2.6765409e-15,0.736,0.1906027,0.0,0.31128135,0.0,0.25534457,0.0
0.741,0.055283446,-3.0145287e-17,0.55272436,9.5208655e-15,26.625212,-2.7048938e-15,0.741,0.055283446,-3.0145287e-17,0.55272436,9.5208655e-15,26.625212,-2.7048938e-15,0.741,0.19569398,0.0,0.31046847,0.0,0.25468028,0.0
0.745,0.050636575,-3.1646183e-17,0.55108386,9.611694e-15,26.666574,-2.7327547e-15,0.745,0.050636575,-3.1646183e-17,0.55108386,9.611694e-15,26.666574,-2.7327547e-15,0.745,0.20085621,0.0,0.30973288,0.0,0.2540322,0.0
0.75,0.045862783,-3.318838e-17,0.54949766,9.718255e-15,26.891907,-2.795483e-15,0.75,0.045862783,-3.318838e-17,0.54949766,9.718255e-15,26.891907,-2.795483e-15,0.75,0.20608933,0.0,0.30907518,0.0,0.25319952,0.0
0.755,0.040949937,-3.477594e-17,0.5479878,9.83991e-15,27.168959,-2.8687087e-15,0.755,0.040949937,-3.477594e-17,0.5479878,9.83991e-15,27.168959,-2.8687087e-15,0.755,0.21139325,0.0,0.30849582,0.0,0.25238717,0.0
0.759,0.035890676,-3.6411246e-17,0.5465657,9.952058e-15,27.409094,-2.9355714e-15,0.759,0.035890676,-3.6411246e-17,0.5465657,9.952058e-15,27.409094,-2.9355714e-15,0.759,0.21676785,0.0,0.3079953,0.0,0.25159466,0.0
0.764,0.030683728,-3.8094718e-17,0.5452309,1.0067398e-14,27.605028,-2.9943917e-15,0.764,0.030683728,-3.8094718e-17,0.5452309,1.0067398e-14,27.605028,-2.9943917e-15,0.764,0.22221301,0.0,0.307574,0.0,0.25082153,0.0
0.768,0.025328217,-3.9826735e-17,0.5439827,1.0172588e-14,27.761042,-3.0457803e-15,0.768,0.025328217,-3.9826735e-17,0.5439827,1.0172588e-14,27.761042,-3.0457803e-15,0.768,0.22772864,0.0,0.3072324,0.0,0.25006726,0.0
0.773,0.019840255,-4.1602165e-17,0.54278845,1.0290969e-14,28.088726,-3.1323183e-15,0.773,0.019840255,-4.1602165e-17,0.54278845,1.0290969e-14,28.088726,-3.1323183e-15,0.773,0.23331456,0.0,0.3069707,0.0,0.25019708,0.0
0.777,0.0142149925,-4.3422515e-17,0.54165435,1.0412963e-14,28.445215,-3.2257668e-15,0.777,0.0142149925,-4.3422515e-17,0.54165435,1.0412963e-14,28.445215,-3.2257668e-15,0.777,0.2389708,0.0,0.30678868,0.0,0.2503237,0.0
0.782,0.008447189,-4.5289283e-17,0.5405865,1.0539736e-14,28.73872,-3.307268e-15,0.782,0.008447189,-4.5289283e-17,0.5405865,1.0539736e-14,28.73872,-3.307268e-15,0.782,0.24469735,0.0,0.30668637,0.0,0.25044724,0.0
0.786,0.0025354496,-4.720283e-17,0.53958404,1.0653748e-14,28.967043,-3.3759313e-15,0.786,0.0025354496,-4.720283e-17,0.53958404,1.0653748e-14,28.967043,-3.3759313e-15,0.786,0.2504942,0.0,0.3066636,0.0,0.25056773,0.0
0.791,-0.003520979,-4.91634e-17,0.5386459,1.07589845e-14,29.139332,-3.4332498e-15,0.791,-0.003520979,-4.91634e-17,0.5386459,1.07589845e-14,29.139332,-3.4332498e-15,0.791,0.25636145,0.0,0.3067203,0.0,0.25068533,0.0
0.795,-0.009720317,-5.1170498e-17,0.537767,1.0880584e-14,29.462261,-3.5237197e-15,0.795,-0.009720317,-5.1170498e-17,0.537767,1.0880584e-14,29.462261,-3.5237197e-15,0.795,0.262299,0.0,0.3068565,0.0,0.24949287,0.0
0.8,-0.016072184,-5.3227147e-17,0.5369614,1.1014686e-14,29.798744,-3.61824e-15,0.8,-0.016072184,-5.3227147e-17,0.5369614,1.1014686e-14,29.798744,-3.61824e-15,0.8,0.26830676,0.0,0.3070727,0.0,0.24832954,0.0
0.805,-0.022581765,-5.5334886e-17,0.5362347,1.1155219e-14,30.06308,-3.6978867e-15,0.805,-0.022581765,-5.5334886e-17,0.5362347,1.1155219e-14,30.06308,-3.6978867e-15,0.805,0.27438444,0.0,0.30736926,0.0,0.24719463,0.0
0.809,-0.029250244,-5.749411e-17,0.53558594,1.1301967e-14,30.25724,-3.762602e-15,0.809,-0.029250244,-5.749411e-17,0.53558594,1.1301967e-14,30.25724,-3.762602e-15,0.809,0.28053182,0.0,0.30774653,0.0,0.24608743,0.0
0.814,-0.03607659,-5.97047e-17,0.5350112,1.1443756e-14,30.375929,-3.810654e-15,0.814,-0.03607659,-5.97047e-17,0.5350112,1.1443756e-14,30.375929,-3.810654e-15,0.814,0.28674868,0.0,0.30820486,0.0,0.245776,0.0
0.818,-0.04305981,-6.196673e-17,0.5345073,1.1579923e-14,30.445208,-3.847594e-15,0.818,-0.04305981,-6.196673e-17,0.5345073,1.1579923e-14,30.445208,-3.847594e-15,0.818,0.293035,0.0,0.30874452,0.0,0.24547215,0.0
0.823,-0.0501997,-6.4280616e-17,0.5340732,1.1702363e-14,30.483938,-3.8775406e-15,0.823,-0.0501997,-6.4280616e-17,0.5340732,1.1702363e-14,30.483938,-3.8775406e-15,0.823,0.29939073,0.0,0.30936575,0.0,0.24517573,0.0
0.827,-0.057496227,-6.664688e-17,0.5337085,1.1828978e-14,30.50084,-3.9023956e-15,0.827,-0.057496227,-6.664688e-17,0.5337085,1.1828978e-14,30.50084,-3.9023956e-15,0.827,0.30581588,0.0,0.31006882,0.0,0.24488656,0.0
0.832,-0.06494932,-6.906607e-17,0.5334131,1.19469e-14,30.502071,-3.9235235e-15,0.832,-0.06494932,-6.906607e-17,0.5334131,1.19469e-14,30.502071,-3.9235235e-15,0.832,0.3123104,0.0,0.31085387,0.0,0.24460445,0.0
0.836,-0.0725322,-7.15296e-17,0.53314155,1.2086927e-14,30.708632,-3.99471e-15,0.836,-0.0725322,-7.15296e-17,0.53314155,1.2086927e-14,30.708632,-3.99471e-15,0.836,0.31887418,0.0,0.31172115,0.0,0.24306642,0.0
0.841,-0.080266,-7.404499e-17,0.5329283,1.2236411e-14,30.985594,-4.0840054e-15,0.841,-0.080266,-7.404499e-17,0.5329283,1.2236411e-14,30.985594,-4.0840054e-15,0.841,0.32550693,0.0,0.31267083,0.0,0.24156593,0.0
0.845,-0.08816193,-7.661615e-17,0.53278947,1.2383179e-14,31.235495,-4.1675855e-15,0.845,-0.08816193,-7.661615e-17,0.53278947,1.2383179e-14,31.235495,-4.1675855e-15,0.845,0.33220825,0.0,0.31370318,0.0,0.24010211,0.0
0.85,-0.09622123,-7.924356e-17,0.5327247,1.2525551e-14,31.447094,-4.2423632e-15,0.85,-0.09622123,-7.924356e-17,0.5327247,1.2525551e-14,31.447094,-4.2423632e-15,0.85,0.33897775,0.0,0.3148184,0.0,0.23867404,0.0
0.855,-0.104428604,-8.1922095e-17,0.5327066,1.2635719e-14,31.47135,-4.2699575e-15,0.855,-0.104428604,-8.1922095e-17,0.5327066,1.2635719e-14,31.47135,-4.2699575e-15,0.855,0.34581515,0.0,0.31601685,0.0,0.23798719,0.0
0.859,-0.11279734,-8.4656754e-17,0.5327564,1.2722633e-14,31.41703,-4.277403e-15,0.859,-0.11279734,-8.4656754e-17,0.5327564,1.2722633e-14,31.41703,-4.277403e-15,0.859,0.35272035,0.0,0.31729907,0.0,0.23731713,0.0
0.864,-0.12133315,-8.7450064e-17,0.532884,1.2795486e-14,31.35939,-4.2838907e-15,0.864,-0.12133315,-8.7450064e-17,0.532884,1.2795486e-14,31.35939,-4.2838907e-15,0.864,0.3596933,0.0,0.31866553,0.0,0.23666343,0.0
0.868,-0.13003558,-9.0302414e-17,0.53308946,1.2876018e-14,31.308758,-4.2921192e-15,0.868,-0.13003558,-9.0302414e-17,0.53308946,1.2876018e-14,31.308758,-4.2921192e-15,0.868,0.36673388,0.0,0.32011676,0.0,0.23602569,0.0
0.873,-0.13890423,-9.3214196e-17,0.53337294,1.2960953e-14,31.265978,-4.3023213e-15,0.873,-0.13890423,-9.3214196e-17,0.53337294,1.2960953e-14,31.265978,-4.3023213e-15,0.873,0.37384206,0.0,0.32165313,0.0,0.23540354,0.0
0.877,-0.14792381,-9.618045e-17,0.53370994,1.3069652e-14,31.39538,-4.3582263e-15,0.877,-0.14792381,-9.618045e-17,0.53370994,1.3069652e-14,31.39538,-4.3582263e-15,0.877,0.3810176,0.0,0.32327482,0.0,0.23355073,0.0
0.882,-0.15710633,-9.920577e-17,0.53411937,1.3186102e-14,31.57823,-4.428829e-15,0.882,-0.15710633,-9.920577e-17,0.53411937,1.3186102e-14,31.57823,-4.428829e-15,0.882,0.38826,0.0,0.3249818,0.0,0.23174317,0.0
0.886,-0.16645822,-1.0229259e-16,0.5346102,1.32992906e-14,31.73542,-4.4930185e-15,0.886,-0.16645822,-1.0229259e-16,0.5346102,1.32992906e-14,31.73542,-4.4930185e-15,0.886,0.3955688,0.0,0.32677406,0.0,0.22997977,0.0
0.891,-0.1759802,-1.0544127e-16,0.53518206,1.3408138e-14,31.860449,-4.548845e-15,0.891,-0.1759802,-1.0544127e-16,0.53518206,1.3408138e-14,31.860449,-4.548845e-15,0.891,0.40294337,0.0,0.3286515,0.0,0.22825944,0.0
0.895,-0.18567272,-1.0865215e-16,0.5358343,1.35028665e-14,31.956987,-4.5971197e-15,0.895,-0.18567272,-1.0865215e-16,0.5358343,1.35028665e-14,31.956987,-4.5971197e-15,0.895,0.41038328,0.0,0.3306141,0.0,0.22658114,0.0
0.9,-0.19553617,-1.1192557e-16,0.5365667,1.3590825e-14,32.029724,-4.638982e-15,0.9,-0.19553617,-1.1192557e-16,0.5365667,1.3590825e-14,32.029724,-4.638982e-15,0.9,0.41788796,0.0,0.33266172,0.0,0.22465272,0.0
0.905,-0.20557076,-1.1526181e-16,0.5373789,1.36658085e-14,32.083027,-4.6755406e-15,0.905,-0.20557076,-1.1526181e-16,0.5373789,1.36658085e-14,32.083027,-4.6755406e-15,0.905,0.42545685,0.0,0.3347942,0.0,0.2227714,0.0
0.909,-0.21577659,-1.1866112e-16,0.53827065,1.373511e-14,32.12073,-4.7077884e-15,0.909,-0.21577659,-1.1866112e-16,0.53827065,1.373511e-14,32.12073,-4.7077884e-15,0.909,0.43308932,0.0,0.33701125,0.0,0.22093605,0.0
